file_name,label
5a21779c-23d2-11e8-a6a3-ec086b02610b.jpg,opossum
59d41b06-23d2-11e8-a6a3-ec086b02610b.jpg,rabbit
59167bad-23d2-11e8-a6a3-ec086b02610b.jpg,empty
593bdd67-23d2-11e8-a6a3-ec086b02610b.jpg,bobcat
58b821c7-23d2-11e8-a6a3-ec086b02610b.jpg,bobcat
597b46d4-23d2-11e8-a6a3-ec086b02610b.jpg,coyote
59d75447-23d2-11e8-a6a3-ec086b02610b.jpg,coyote
5a17de97-23d2-11e8-a6a3-ec086b02610b.jpg,opossum
59f2c32a-23d2-11e8-a6a3-ec086b02610b.jpg,deer
58d16073-23d2-11e8-a6a3-ec086b02610b.jpg,bobcat
58df68d9-23d2-11e8-a6a3-ec086b02610b.jpg,bobcat
59aad9e4-23d2-11e8-a6a3-ec086b02610b.jpg,rabbit
597fed78-23d2-11e8-a6a3-ec086b02610b.jpg,coyote
59b2e911-23d2-11e8-a6a3-ec086b02610b.jpg,squirrel
597ff0a5-23d2-11e8-a6a3-ec086b02610b.jpg,fox
59d5b86a-23d2-11e8-a6a3-ec086b02610b.jpg,skunk
59782ff2-23d2-11e8-a6a3-ec086b02610b.jpg,coyote
5a0e37e5-23d2-11e8-a6a3-ec086b02610b.jpg,rabbit
5a2e1444-23d2-11e8-a6a3-ec086b02610b.jpg,coyote
58dabf39-23d2-11e8-a6a3-ec086b02610b.jpg,raccoon
5a063071-23d2-11e8-a6a3-ec086b02610b.jpg,dog
593a4e63-23d2-11e8-a6a3-ec086b02610b.jpg,opossum
5874d597-23d2-11e8-a6a3-ec086b02610b.jpg,empty
597b47e1-23d2-11e8-a6a3-ec086b02610b.jpg,cat
59b6171e-23d2-11e8-a6a3-ec086b02610b.jpg,bobcat
5a0c9bc6-23d2-11e8-a6a3-ec086b02610b.jpg,raccoon
5a2178d4-23d2-11e8-a6a3-ec086b02610b.jpg,dog
586293f1-23d2-11e8-a6a3-ec086b02610b.jpg,squirrel
5995adec-23d2-11e8-a6a3-ec086b02610b.jpg,rabbit
59be3f5d-23d2-11e8-a6a3-ec086b02610b.jpg,deer
5a015e07-23d2-11e8-a6a3-ec086b02610b.jpg,rodent
58f5af73-23d2-11e8-a6a3-ec086b02610b.jpg,squirrel
5a17de85-23d2-11e8-a6a3-ec086b02610b.jpg,coyote
59df5d43-23d2-11e8-a6a3-ec086b02610b.jpg,deer
58e280e7-23d2-11e8-a6a3-ec086b02610b.jpg,squirrel
58e40ef1-23d2-11e8-a6a3-ec086b02610b.jpg,squirrel
59fc7cb3-23d2-11e8-a6a3-ec086b02610b.jpg,opossum
590ebc03-23d2-11e8-a6a3-ec086b02610b.jpg,rabbit
58823c9e-23d2-11e8-a6a3-ec086b02610b.jpg,empty
58b1325e-23d2-11e8-a6a3-ec086b02610b.jpg,opossum
59eab776-23d2-11e8-a6a3-ec086b02610b.jpg,cat
5a0fd1b1-23d2-11e8-a6a3-ec086b02610b.jpg,deer
59e44150-23d2-11e8-a6a3-ec086b02610b.jpg,empty
5968c290-23d2-11e8-a6a3-ec086b02610b.jpg,cat
59d75117-23d2-11e8-a6a3-ec086b02610b.jpg,raccoon
58cfc9fb-23d2-11e8-a6a3-ec086b02610b.jpg,empty
59942179-23d2-11e8-a6a3-ec086b02610b.jpg,coyote
58d92f1a-23d2-11e8-a6a3-ec086b02610b.jpg,empty
598acfe9-23d2-11e8-a6a3-ec086b02610b.jpg,coyote
59420f65-23d2-11e8-a6a3-ec086b02610b.jpg,squirrel
590a0e39-23d2-11e8-a6a3-ec086b02610b.jpg,opossum
5a2962ed-23d2-11e8-a6a3-ec086b02610b.jpg,rabbit
5a07cd99-23d2-11e8-a6a3-ec086b02610b.jpg,rabbit
5930fef2-23d2-11e8-a6a3-ec086b02610b.jpg,squirrel
59f9467d-23d2-11e8-a6a3-ec086b02610b.jpg,bobcat
59ccd3aa-23d2-11e8-a6a3-ec086b02610b.jpg,deer
58e93895-23d2-11e8-a6a3-ec086b02610b.jpg,coyote
58b821f7-23d2-11e8-a6a3-ec086b02610b.jpg,opossum
59910519-23d2-11e8-a6a3-ec086b02610b.jpg,deer
58e40d1a-23d2-11e8-a6a3-ec086b02610b.jpg,empty
597387b6-23d2-11e8-a6a3-ec086b02610b.jpg,skunk
58a6e7ba-23d2-11e8-a6a3-ec086b02610b.jpg,dog
59e103de-23d2-11e8-a6a3-ec086b02610b.jpg,opossum
5a096bbc-23d2-11e8-a6a3-ec086b02610b.jpg,rabbit
5911d670-23d2-11e8-a6a3-ec086b02610b.jpg,empty
58af769c-23d2-11e8-a6a3-ec086b02610b.jpg,squirrel
59c4c1ec-23d2-11e8-a6a3-ec086b02610b.jpg,dog
5871871f-23d2-11e8-a6a3-ec086b02610b.jpg,squirrel
5954ab0c-23d2-11e8-a6a3-ec086b02610b.jpg,empty
58a379b3-23d2-11e8-a6a3-ec086b02610b.jpg,dog
598f7838-23d2-11e8-a6a3-ec086b02610b.jpg,rodent
59ddc155-23d2-11e8-a6a3-ec086b02610b.jpg,bobcat
5897b1be-23d2-11e8-a6a3-ec086b02610b.jpg,rabbit
59ccd2ee-23d2-11e8-a6a3-ec086b02610b.jpg,cat
59c318d4-23d2-11e8-a6a3-ec086b02610b.jpg,raccoon
59bca53f-23d2-11e8-a6a3-ec086b02610b.jpg,empty
58c6626e-23d2-11e8-a6a3-ec086b02610b.jpg,coyote
595635ed-23d2-11e8-a6a3-ec086b02610b.jpg,rodent
58732e2b-23d2-11e8-a6a3-ec086b02610b.jpg,dog
59df5d05-23d2-11e8-a6a3-ec086b02610b.jpg,coyote
58dabf3e-23d2-11e8-a6a3-ec086b02610b.jpg,squirrel
59cb36b8-23d2-11e8-a6a3-ec086b02610b.jpg,coyote
5a1e51e1-23d2-11e8-a6a3-ec086b02610b.jpg,rodent
59c4c063-23d2-11e8-a6a3-ec086b02610b.jpg,opossum
59edef35-23d2-11e8-a6a3-ec086b02610b.jpg,deer
589b04c1-23d2-11e8-a6a3-ec086b02610b.jpg,cat
59c3189e-23d2-11e8-a6a3-ec086b02610b.jpg,bobcat
58bd19eb-23d2-11e8-a6a3-ec086b02610b.jpg,coyote
59c1786c-23d2-11e8-a6a3-ec086b02610b.jpg,opossum
5998cca0-23d2-11e8-a6a3-ec086b02610b.jpg,empty
59e5e0c0-23d2-11e8-a6a3-ec086b02610b.jpg,rabbit
5a17de1d-23d2-11e8-a6a3-ec086b02610b.jpg,rabbit
59bac783-23d2-11e8-a6a3-ec086b02610b.jpg,raccoon
59563581-23d2-11e8-a6a3-ec086b02610b.jpg,empty
59f798ad-23d2-11e8-a6a3-ec086b02610b.jpg,deer
59eab8a3-23d2-11e8-a6a3-ec086b02610b.jpg,dog
58cb11df-23d2-11e8-a6a3-ec086b02610b.jpg,rabbit
5998cd3f-23d2-11e8-a6a3-ec086b02610b.jpg,rabbit
58857c92-23d2-11e8-a6a3-ec086b02610b.jpg,squirrel
59c8047d-23d2-11e8-a6a3-ec086b02610b.jpg,raccoon
59b2eb63-23d2-11e8-a6a3-ec086b02610b.jpg,skunk
59279b70-23d2-11e8-a6a3-ec086b02610b.jpg,rabbit
59817be8-23d2-11e8-a6a3-ec086b02610b.jpg,deer
59910593-23d2-11e8-a6a3-ec086b02610b.jpg,opossum
58ddd878-23d2-11e8-a6a3-ec086b02610b.jpg,bobcat
5a049608-23d2-11e8-a6a3-ec086b02610b.jpg,bobcat
5a2c854c-23d2-11e8-a6a3-ec086b02610b.jpg,opossum
59a30bd8-23d2-11e8-a6a3-ec086b02610b.jpg,deer
59c99fb6-23d2-11e8-a6a3-ec086b02610b.jpg,dog
59cf44b2-23d2-11e8-a6a3-ec086b02610b.jpg,skunk
596a4fe8-23d2-11e8-a6a3-ec086b02610b.jpg,raccoon
59420eb4-23d2-11e8-a6a3-ec086b02610b.jpg,coyote
58f5b097-23d2-11e8-a6a3-ec086b02610b.jpg,dog
59dc2529-23d2-11e8-a6a3-ec086b02610b.jpg,squirrel
5914f038-23d2-11e8-a6a3-ec086b02610b.jpg,raccoon
58e93bee-23d2-11e8-a6a3-ec086b02610b.jpg,bobcat
59484757-23d2-11e8-a6a3-ec086b02610b.jpg,squirrel
5a04933f-23d2-11e8-a6a3-ec086b02610b.jpg,rodent
5a1308f8-23d2-11e8-a6a3-ec086b02610b.jpg,empty
58ac0e50-23d2-11e8-a6a3-ec086b02610b.jpg,cat
597fed1f-23d2-11e8-a6a3-ec086b02610b.jpg,squirrel
5a1b159a-23d2-11e8-a6a3-ec086b02610b.jpg,cat
58a8a345-23d2-11e8-a6a3-ec086b02610b.jpg,skunk
591b2642-23d2-11e8-a6a3-ec086b02610b.jpg,dog
59b2e957-23d2-11e8-a6a3-ec086b02610b.jpg,rodent
59cf469f-23d2-11e8-a6a3-ec086b02610b.jpg,raccoon
59fae612-23d2-11e8-a6a3-ec086b02610b.jpg,skunk
59b938c6-23d2-11e8-a6a3-ec086b02610b.jpg,opossum
597e618a-23d2-11e8-a6a3-ec086b02610b.jpg,coyote
59973eb3-23d2-11e8-a6a3-ec086b02610b.jpg,bobcat
5a1caeb5-23d2-11e8-a6a3-ec086b02610b.jpg,dog
59104b2a-23d2-11e8-a6a3-ec086b02610b.jpg,raccoon
5a2af45f-23d2-11e8-a6a3-ec086b02610b.jpg,opossum
5a2c8448-23d2-11e8-a6a3-ec086b02610b.jpg,cat
5a17df1c-23d2-11e8-a6a3-ec086b02610b.jpg,bobcat
59c66c3b-23d2-11e8-a6a3-ec086b02610b.jpg,cat
5a296526-23d2-11e8-a6a3-ec086b02610b.jpg,cat
59f2c44e-23d2-11e8-a6a3-ec086b02610b.jpg,skunk
594ced3a-23d2-11e8-a6a3-ec086b02610b.jpg,coyote
58b2ee61-23d2-11e8-a6a3-ec086b02610b.jpg,dog
598ad0d4-23d2-11e8-a6a3-ec086b02610b.jpg,fox
59c31969-23d2-11e8-a6a3-ec086b02610b.jpg,rabbit
5a1fe8b0-23d2-11e8-a6a3-ec086b02610b.jpg,opossum
5a0492e4-23d2-11e8-a6a3-ec086b02610b.jpg,coyote
59d0e228-23d2-11e8-a6a3-ec086b02610b.jpg,squirrel
599a5bc3-23d2-11e8-a6a3-ec086b02610b.jpg,bobcat
5888bd68-23d2-11e8-a6a3-ec086b02610b.jpg,coyote
594cebe8-23d2-11e8-a6a3-ec086b02610b.jpg,bobcat
5a17dcd9-23d2-11e8-a6a3-ec086b02610b.jpg,squirrel
59ef8c66-23d2-11e8-a6a3-ec086b02610b.jpg,rabbit
5965aac0-23d2-11e8-a6a3-ec086b02610b.jpg,raccoon
5860ee51-23d2-11e8-a6a3-ec086b02610b.jpg,empty
5a27d8f5-23d2-11e8-a6a3-ec086b02610b.jpg,dog
59c4c1d9-23d2-11e8-a6a3-ec086b02610b.jpg,rodent
592c4d3a-23d2-11e8-a6a3-ec086b02610b.jpg,rabbit
59d0e479-23d2-11e8-a6a3-ec086b02610b.jpg,rabbit
599106b7-23d2-11e8-a6a3-ec086b02610b.jpg,rodent
5883eae3-23d2-11e8-a6a3-ec086b02610b.jpg,skunk
59c99db1-23d2-11e8-a6a3-ec086b02610b.jpg,coyote
59fc7f65-23d2-11e8-a6a3-ec086b02610b.jpg,deer
59aadd55-23d2-11e8-a6a3-ec086b02610b.jpg,deer
598c5b52-23d2-11e8-a6a3-ec086b02610b.jpg,dog
589e66a7-23d2-11e8-a6a3-ec086b02610b.jpg,bobcat
58b12fe6-23d2-11e8-a6a3-ec086b02610b.jpg,raccoon
587eecb0-23d2-11e8-a6a3-ec086b02610b.jpg,empty
58cb12b7-23d2-11e8-a6a3-ec086b02610b.jpg,bobcat
5987b218-23d2-11e8-a6a3-ec086b02610b.jpg,opossum
585f4f35-23d2-11e8-a6a3-ec086b02610b.jpg,opossum
58b82336-23d2-11e8-a6a3-ec086b02610b.jpg,raccoon
58693691-23d2-11e8-a6a3-ec086b02610b.jpg,opossum
59d0e3e7-23d2-11e8-a6a3-ec086b02610b.jpg,rabbit
59f12b33-23d2-11e8-a6a3-ec086b02610b.jpg,cat
58f73cae-23d2-11e8-a6a3-ec086b02610b.jpg,empty
58ede29b-23d2-11e8-a6a3-ec086b02610b.jpg,rabbit
59e10218-23d2-11e8-a6a3-ec086b02610b.jpg,cat
59641ecc-23d2-11e8-a6a3-ec086b02610b.jpg,opossum
59216689-23d2-11e8-a6a3-ec086b02610b.jpg,dog
59849505-23d2-11e8-a6a3-ec086b02610b.jpg,opossum
5975168a-23d2-11e8-a6a3-ec086b02610b.jpg,coyote
590b9ec3-23d2-11e8-a6a3-ec086b02610b.jpg,raccoon
588c12ef-23d2-11e8-a6a3-ec086b02610b.jpg,squirrel
58f10713-23d2-11e8-a6a3-ec086b02610b.jpg,rabbit
5a116d1a-23d2-11e8-a6a3-ec086b02610b.jpg,squirrel
5a27db1b-23d2-11e8-a6a3-ec086b02610b.jpg,dog
5865e1a7-23d2-11e8-a6a3-ec086b02610b.jpg,empty
59e103c2-23d2-11e8-a6a3-ec086b02610b.jpg,deer
5a0c9d0a-23d2-11e8-a6a3-ec086b02610b.jpg,empty
595dedd6-23d2-11e8-a6a3-ec086b02610b.jpg,deer
5a096bc2-23d2-11e8-a6a3-ec086b02610b.jpg,rodent
5930ff00-23d2-11e8-a6a3-ec086b02610b.jpg,raccoon
59e441a4-23d2-11e8-a6a3-ec086b02610b.jpg,deer
58d47e46-23d2-11e8-a6a3-ec086b02610b.jpg,raccoon
594b5e84-23d2-11e8-a6a3-ec086b02610b.jpg,raccoon
58d93280-23d2-11e8-a6a3-ec086b02610b.jpg,cat
58ce3f86-23d2-11e8-a6a3-ec086b02610b.jpg,opossum
5998cfc8-23d2-11e8-a6a3-ec086b02610b.jpg,cat
59b93804-23d2-11e8-a6a3-ec086b02610b.jpg,rodent
596a4c4f-23d2-11e8-a6a3-ec086b02610b.jpg,cat
59adfd21-23d2-11e8-a6a3-ec086b02610b.jpg,empty
59da8d1e-23d2-11e8-a6a3-ec086b02610b.jpg,dog
59d27ce4-23d2-11e8-a6a3-ec086b02610b.jpg,coyote
58e59af6-23d2-11e8-a6a3-ec086b02610b.jpg,raccoon
59817cfc-23d2-11e8-a6a3-ec086b02610b.jpg,rodent
599be8cc-23d2-11e8-a6a3-ec086b02610b.jpg,rodent
591cb219-23d2-11e8-a6a3-ec086b02610b.jpg,empty
597389f9-23d2-11e8-a6a3-ec086b02610b.jpg,opossum
5865e364-23d2-11e8-a6a3-ec086b02610b.jpg,coyote
59e441d6-23d2-11e8-a6a3-ec086b02610b.jpg,raccoon
59894524-23d2-11e8-a6a3-ec086b02610b.jpg,raccoon
58a52db4-23d2-11e8-a6a3-ec086b02610b.jpg,squirrel
59b484b6-23d2-11e8-a6a3-ec086b02610b.jpg,bobcat
586e3066-23d2-11e8-a6a3-ec086b02610b.jpg,raccoon
5940837d-23d2-11e8-a6a3-ec086b02610b.jpg,coyote
59bac759-23d2-11e8-a6a3-ec086b02610b.jpg,raccoon
59f7989c-23d2-11e8-a6a3-ec086b02610b.jpg,rodent
599a5b96-23d2-11e8-a6a3-ec086b02610b.jpg,deer
5a015b52-23d2-11e8-a6a3-ec086b02610b.jpg,bobcat
59ccd100-23d2-11e8-a6a3-ec086b02610b.jpg,squirrel
59c4c0f1-23d2-11e8-a6a3-ec086b02610b.jpg,cat
59cf458b-23d2-11e8-a6a3-ec086b02610b.jpg,deer
59fae618-23d2-11e8-a6a3-ec086b02610b.jpg,cat
5883e83f-23d2-11e8-a6a3-ec086b02610b.jpg,rabbit
5a02fa70-23d2-11e8-a6a3-ec086b02610b.jpg,deer
5919965f-23d2-11e8-a6a3-ec086b02610b.jpg,squirrel
5a0e37ac-23d2-11e8-a6a3-ec086b02610b.jpg,opossum
587b7cdf-23d2-11e8-a6a3-ec086b02610b.jpg,coyote
59be4234-23d2-11e8-a6a3-ec086b02610b.jpg,opossum
5a2c8641-23d2-11e8-a6a3-ec086b02610b.jpg,deer
5a0e3498-23d2-11e8-a6a3-ec086b02610b.jpg,coyote
5a0fd0c0-23d2-11e8-a6a3-ec086b02610b.jpg,fox
595adc2b-23d2-11e8-a6a3-ec086b02610b.jpg,coyote
59d4187b-23d2-11e8-a6a3-ec086b02610b.jpg,raccoon
59df5ee1-23d2-11e8-a6a3-ec086b02610b.jpg,fox
58fbeed8-23d2-11e8-a6a3-ec086b02610b.jpg,squirrel
5938c090-23d2-11e8-a6a3-ec086b02610b.jpg,squirrel
59ec5378-23d2-11e8-a6a3-ec086b02610b.jpg,rodent
5a1b14df-23d2-11e8-a6a3-ec086b02610b.jpg,fox
59973de5-23d2-11e8-a6a3-ec086b02610b.jpg,rabbit
599a59f8-23d2-11e8-a6a3-ec086b02610b.jpg,deer
59fe243c-23d2-11e8-a6a3-ec086b02610b.jpg,rabbit
59a17ae1-23d2-11e8-a6a3-ec086b02610b.jpg,coyote
596a4cb5-23d2-11e8-a6a3-ec086b02610b.jpg,skunk
58f423cf-23d2-11e8-a6a3-ec086b02610b.jpg,rabbit
596735fb-23d2-11e8-a6a3-ec086b02610b.jpg,rodent
59d750b5-23d2-11e8-a6a3-ec086b02610b.jpg,deer
59b93938-23d2-11e8-a6a3-ec086b02610b.jpg,coyote
59d0e1ff-23d2-11e8-a6a3-ec086b02610b.jpg,rabbit
5a17de52-23d2-11e8-a6a3-ec086b02610b.jpg,dog
59f5fdf6-23d2-11e8-a6a3-ec086b02610b.jpg,rabbit
596bd835-23d2-11e8-a6a3-ec086b02610b.jpg,coyote
58a020ef-23d2-11e8-a6a3-ec086b02610b.jpg,dog
5a015b5f-23d2-11e8-a6a3-ec086b02610b.jpg,rodent
59cf44f7-23d2-11e8-a6a3-ec086b02610b.jpg,squirrel
593bddba-23d2-11e8-a6a3-ec086b02610b.jpg,cat
58d7a22a-23d2-11e8-a6a3-ec086b02610b.jpg,opossum
59b7a752-23d2-11e8-a6a3-ec086b02610b.jpg,empty
59f946dd-23d2-11e8-a6a3-ec086b02610b.jpg,bobcat
596bd99e-23d2-11e8-a6a3-ec086b02610b.jpg,raccoon
5a2e134e-23d2-11e8-a6a3-ec086b02610b.jpg,rodent
5a02fbd6-23d2-11e8-a6a3-ec086b02610b.jpg,opossum
59a30dae-23d2-11e8-a6a3-ec086b02610b.jpg,fox
590d2cb7-23d2-11e8-a6a3-ec086b02610b.jpg,dog
5a07cda1-23d2-11e8-a6a3-ec086b02610b.jpg,raccoon
5864367d-23d2-11e8-a6a3-ec086b02610b.jpg,empty
5a17e01b-23d2-11e8-a6a3-ec086b02610b.jpg,opossum
58dc4b1c-23d2-11e8-a6a3-ec086b02610b.jpg,bobcat
59c99cd6-23d2-11e8-a6a3-ec086b02610b.jpg,deer
59104a67-23d2-11e8-a6a3-ec086b02610b.jpg,cat
58b131bb-23d2-11e8-a6a3-ec086b02610b.jpg,dog
5a1fe796-23d2-11e8-a6a3-ec086b02610b.jpg,rodent
59e91997-23d2-11e8-a6a3-ec086b02610b.jpg,skunk
59830724-23d2-11e8-a6a3-ec086b02610b.jpg,skunk
5968bfa4-23d2-11e8-a6a3-ec086b02610b.jpg,cat
5883eabf-23d2-11e8-a6a3-ec086b02610b.jpg,cat
595dee38-23d2-11e8-a6a3-ec086b02610b.jpg,empty
587b7e11-23d2-11e8-a6a3-ec086b02610b.jpg,coyote
590ebb2c-23d2-11e8-a6a3-ec086b02610b.jpg,opossum
58d15f83-23d2-11e8-a6a3-ec086b02610b.jpg,raccoon
58c97bc9-23d2-11e8-a6a3-ec086b02610b.jpg,raccoon
5a27d7b3-23d2-11e8-a6a3-ec086b02610b.jpg,opossum
59be3ec2-23d2-11e8-a6a3-ec086b02610b.jpg,fox
5a163ec0-23d2-11e8-a6a3-ec086b02610b.jpg,deer
5a14a380-23d2-11e8-a6a3-ec086b02610b.jpg,deer
58cb1310-23d2-11e8-a6a3-ec086b02610b.jpg,raccoon
59edf2d6-23d2-11e8-a6a3-ec086b02610b.jpg,fox
590ebc9a-23d2-11e8-a6a3-ec086b02610b.jpg,dog
58768297-23d2-11e8-a6a3-ec086b02610b.jpg,empty
58d7a300-23d2-11e8-a6a3-ec086b02610b.jpg,dog
59f460ee-23d2-11e8-a6a3-ec086b02610b.jpg,rabbit
596bdb3f-23d2-11e8-a6a3-ec086b02610b.jpg,dog
59673759-23d2-11e8-a6a3-ec086b02610b.jpg,bobcat
5a2e1312-23d2-11e8-a6a3-ec086b02610b.jpg,bobcat
58e93ac5-23d2-11e8-a6a3-ec086b02610b.jpg,dog
599be7cc-23d2-11e8-a6a3-ec086b02610b.jpg,opossum
58f73df8-23d2-11e8-a6a3-ec086b02610b.jpg,dog
59b2eb4e-23d2-11e8-a6a3-ec086b02610b.jpg,cat
591b22dd-23d2-11e8-a6a3-ec086b02610b.jpg,opossum
59cb389d-23d2-11e8-a6a3-ec086b02610b.jpg,bobcat
59da8b2f-23d2-11e8-a6a3-ec086b02610b.jpg,empty
59f129c8-23d2-11e8-a6a3-ec086b02610b.jpg,dog
599d7e7c-23d2-11e8-a6a3-ec086b02610b.jpg,rodent
5a1b15e1-23d2-11e8-a6a3-ec086b02610b.jpg,cat
5a116ec0-23d2-11e8-a6a3-ec086b02610b.jpg,rodent
5a02fc99-23d2-11e8-a6a3-ec086b02610b.jpg,deer
58a6e5ef-23d2-11e8-a6a3-ec086b02610b.jpg,raccoon
598f76e7-23d2-11e8-a6a3-ec086b02610b.jpg,cat
599103f0-23d2-11e8-a6a3-ec086b02610b.jpg,cat
586c8805-23d2-11e8-a6a3-ec086b02610b.jpg,squirrel
58ede248-23d2-11e8-a6a3-ec086b02610b.jpg,rabbit
596bdaf7-23d2-11e8-a6a3-ec086b02610b.jpg,squirrel
59a62abd-23d2-11e8-a6a3-ec086b02610b.jpg,cat
596bd806-23d2-11e8-a6a3-ec086b02610b.jpg,bobcat
5998cd68-23d2-11e8-a6a3-ec086b02610b.jpg,opossum
5a0fcf94-23d2-11e8-a6a3-ec086b02610b.jpg,bobcat
58a6e8bb-23d2-11e8-a6a3-ec086b02610b.jpg,squirrel
5a27d93a-23d2-11e8-a6a3-ec086b02610b.jpg,rodent
59b12eec-23d2-11e8-a6a3-ec086b02610b.jpg,cat
58eac7c9-23d2-11e8-a6a3-ec086b02610b.jpg,rabbit
593ef4f2-23d2-11e8-a6a3-ec086b02610b.jpg,cat
5937346a-23d2-11e8-a6a3-ec086b02610b.jpg,raccoon
58fd7ec7-23d2-11e8-a6a3-ec086b02610b.jpg,rabbit
5a24a699-23d2-11e8-a6a3-ec086b02610b.jpg,fox
59d41a1d-23d2-11e8-a6a3-ec086b02610b.jpg,deer
59c99d57-23d2-11e8-a6a3-ec086b02610b.jpg,dog
58910d52-23d2-11e8-a6a3-ec086b02610b.jpg,empty
597cd756-23d2-11e8-a6a3-ec086b02610b.jpg,bobcat
5a1640f6-23d2-11e8-a6a3-ec086b02610b.jpg,cat
590238a7-23d2-11e8-a6a3-ec086b02610b.jpg,raccoon
59a94e52-23d2-11e8-a6a3-ec086b02610b.jpg,dog
5a1307ed-23d2-11e8-a6a3-ec086b02610b.jpg,rodent
59a49d4b-23d2-11e8-a6a3-ec086b02610b.jpg,empty
598c5c30-23d2-11e8-a6a3-ec086b02610b.jpg,opossum
58f42209-23d2-11e8-a6a3-ec086b02610b.jpg,squirrel
5979be67-23d2-11e8-a6a3-ec086b02610b.jpg,bobcat
5a2964f8-23d2-11e8-a6a3-ec086b02610b.jpg,skunk
591e40a0-23d2-11e8-a6a3-ec086b02610b.jpg,empty
5a0e3661-23d2-11e8-a6a3-ec086b02610b.jpg,empty
59a94ea6-23d2-11e8-a6a3-ec086b02610b.jpg,rabbit
5a02fb78-23d2-11e8-a6a3-ec086b02610b.jpg,squirrel
59fc7e73-23d2-11e8-a6a3-ec086b02610b.jpg,rabbit
597b485a-23d2-11e8-a6a3-ec086b02610b.jpg,opossum
5934191e-23d2-11e8-a6a3-ec086b02610b.jpg,bobcat
597cd537-23d2-11e8-a6a3-ec086b02610b.jpg,bobcat
596bd775-23d2-11e8-a6a3-ec086b02610b.jpg,empty
588094f7-23d2-11e8-a6a3-ec086b02610b.jpg,cat
58dc4c82-23d2-11e8-a6a3-ec086b02610b.jpg,skunk
589609b5-23d2-11e8-a6a3-ec086b02610b.jpg,empty
5a0b00ca-23d2-11e8-a6a3-ec086b02610b.jpg,coyote
592c4efc-23d2-11e8-a6a3-ec086b02610b.jpg,dog
5a27da8a-23d2-11e8-a6a3-ec086b02610b.jpg,deer
5862920d-23d2-11e8-a6a3-ec086b02610b.jpg,cat
59738684-23d2-11e8-a6a3-ec086b02610b.jpg,coyote
5a02fbeb-23d2-11e8-a6a3-ec086b02610b.jpg,deer
58d2ea99-23d2-11e8-a6a3-ec086b02610b.jpg,coyote
58b6663f-23d2-11e8-a6a3-ec086b02610b.jpg,cat
59bca55a-23d2-11e8-a6a3-ec086b02610b.jpg,coyote
5a0fd1b3-23d2-11e8-a6a3-ec086b02610b.jpg,rodent
59088005-23d2-11e8-a6a3-ec086b02610b.jpg,squirrel
58e5989d-23d2-11e8-a6a3-ec086b02610b.jpg,cat
599be7d2-23d2-11e8-a6a3-ec086b02610b.jpg,bobcat
5a015b6a-23d2-11e8-a6a3-ec086b02610b.jpg,cat
59260dae-23d2-11e8-a6a3-ec086b02610b.jpg,squirrel
58732c24-23d2-11e8-a6a3-ec086b02610b.jpg,raccoon
59629243-23d2-11e8-a6a3-ec086b02610b.jpg,deer
587b7ce0-23d2-11e8-a6a3-ec086b02610b.jpg,raccoon
58ef6de6-23d2-11e8-a6a3-ec086b02610b.jpg,bobcat
5a07ce41-23d2-11e8-a6a3-ec086b02610b.jpg,coyote
58fa5c8f-23d2-11e8-a6a3-ec086b02610b.jpg,bobcat
58b13314-23d2-11e8-a6a3-ec086b02610b.jpg,cat
590a1144-23d2-11e8-a6a3-ec086b02610b.jpg,rabbit
59be4161-23d2-11e8-a6a3-ec086b02610b.jpg,coyote
59c66bc8-23d2-11e8-a6a3-ec086b02610b.jpg,bobcat
599fbd90-23d2-11e8-a6a3-ec086b02610b.jpg,mountain_lion
5a230eff-23d2-11e8-a6a3-ec086b02610b.jpg,raccoon
59e43e91-23d2-11e8-a6a3-ec086b02610b.jpg,squirrel
59baca0f-23d2-11e8-a6a3-ec086b02610b.jpg,skunk
59d5b634-23d2-11e8-a6a3-ec086b02610b.jpg,bobcat
59d75272-23d2-11e8-a6a3-ec086b02610b.jpg,bobcat
586e2e74-23d2-11e8-a6a3-ec086b02610b.jpg,dog
59942083-23d2-11e8-a6a3-ec086b02610b.jpg,opossum
59b485d8-23d2-11e8-a6a3-ec086b02610b.jpg,fox
5a062e88-23d2-11e8-a6a3-ec086b02610b.jpg,rodent
59f5fdae-23d2-11e8-a6a3-ec086b02610b.jpg,cat
59ddc29a-23d2-11e8-a6a3-ec086b02610b.jpg,rodent
590237e8-23d2-11e8-a6a3-ec086b02610b.jpg,rabbit
5a1b162f-23d2-11e8-a6a3-ec086b02610b.jpg,bobcat
5a163ea6-23d2-11e8-a6a3-ec086b02610b.jpg,deer
59f2c3b5-23d2-11e8-a6a3-ec086b02610b.jpg,coyote
5949d136-23d2-11e8-a6a3-ec086b02610b.jpg,empty
59783110-23d2-11e8-a6a3-ec086b02610b.jpg,deer
59df5bb2-23d2-11e8-a6a3-ec086b02610b.jpg,cat
5a015b87-23d2-11e8-a6a3-ec086b02610b.jpg,deer
5979bc39-23d2-11e8-a6a3-ec086b02610b.jpg,deer
58ef70d6-23d2-11e8-a6a3-ec086b02610b.jpg,coyote
59b2e9e5-23d2-11e8-a6a3-ec086b02610b.jpg,bobcat
59328d67-23d2-11e8-a6a3-ec086b02610b.jpg,squirrel
59e77e48-23d2-11e8-a6a3-ec086b02610b.jpg,cat
5a1fe781-23d2-11e8-a6a3-ec086b02610b.jpg,rabbit
5971fa42-23d2-11e8-a6a3-ec086b02610b.jpg,deer
59ddc16f-23d2-11e8-a6a3-ec086b02610b.jpg,empty
59641e55-23d2-11e8-a6a3-ec086b02610b.jpg,rodent
595c68bf-23d2-11e8-a6a3-ec086b02610b.jpg,deer
59ccd14a-23d2-11e8-a6a3-ec086b02610b.jpg,skunk
5998ccd8-23d2-11e8-a6a3-ec086b02610b.jpg,deer
5979bb5e-23d2-11e8-a6a3-ec086b02610b.jpg,dog
58ff0dc2-23d2-11e8-a6a3-ec086b02610b.jpg,squirrel
596a4cd5-23d2-11e8-a6a3-ec086b02610b.jpg,cat
589cb43c-23d2-11e8-a6a3-ec086b02610b.jpg,bobcat
59929144-23d2-11e8-a6a3-ec086b02610b.jpg,opossum
58f42499-23d2-11e8-a6a3-ec086b02610b.jpg,opossum
59373262-23d2-11e8-a6a3-ec086b02610b.jpg,cat
597fee82-23d2-11e8-a6a3-ec086b02610b.jpg,empty
59531ca1-23d2-11e8-a6a3-ec086b02610b.jpg,bobcat
5860ecfb-23d2-11e8-a6a3-ec086b02610b.jpg,coyote
591fd3bb-23d2-11e8-a6a3-ec086b02610b.jpg,cat
597cd4cb-23d2-11e8-a6a3-ec086b02610b.jpg,rabbit
58cfc9dd-23d2-11e8-a6a3-ec086b02610b.jpg,rabbit
59b12e4e-23d2-11e8-a6a3-ec086b02610b.jpg,rabbit
5976a57e-23d2-11e8-a6a3-ec086b02610b.jpg,skunk
59d0e4ad-23d2-11e8-a6a3-ec086b02610b.jpg,rabbit
5957c188-23d2-11e8-a6a3-ec086b02610b.jpg,rabbit
593ef6d4-23d2-11e8-a6a3-ec086b02610b.jpg,dog
58dc4bd9-23d2-11e8-a6a3-ec086b02610b.jpg,raccoon
59eab912-23d2-11e8-a6a3-ec086b02610b.jpg,deer
586fdd0d-23d2-11e8-a6a3-ec086b02610b.jpg,squirrel
58768110-23d2-11e8-a6a3-ec086b02610b.jpg,squirrel
59b12fb2-23d2-11e8-a6a3-ec086b02610b.jpg,raccoon
596eee92-23d2-11e8-a6a3-ec086b02610b.jpg,cat
59adfc89-23d2-11e8-a6a3-ec086b02610b.jpg,deer
59a179d1-23d2-11e8-a6a3-ec086b02610b.jpg,dog
58b4ab71-23d2-11e8-a6a3-ec086b02610b.jpg,skunk
598acd76-23d2-11e8-a6a3-ec086b02610b.jpg,coyote
5a1e4f89-23d2-11e8-a6a3-ec086b02610b.jpg,rodent
5a21761f-23d2-11e8-a6a3-ec086b02610b.jpg,deer
585daaf5-23d2-11e8-a6a3-ec086b02610b.jpg,empty
59d0e377-23d2-11e8-a6a3-ec086b02610b.jpg,dog
59dc2560-23d2-11e8-a6a3-ec086b02610b.jpg,bobcat
59d5b8c6-23d2-11e8-a6a3-ec086b02610b.jpg,bobcat
5965ac6d-23d2-11e8-a6a3-ec086b02610b.jpg,rabbit
58768122-23d2-11e8-a6a3-ec086b02610b.jpg,raccoon
5a23123f-23d2-11e8-a6a3-ec086b02610b.jpg,fox
5a14a3bf-23d2-11e8-a6a3-ec086b02610b.jpg,raccoon
58d47beb-23d2-11e8-a6a3-ec086b02610b.jpg,squirrel
5935a829-23d2-11e8-a6a3-ec086b02610b.jpg,raccoon
59fe219a-23d2-11e8-a6a3-ec086b02610b.jpg,rabbit
58e93906-23d2-11e8-a6a3-ec086b02610b.jpg,dog
5a1e5199-23d2-11e8-a6a3-ec086b02610b.jpg,opossum
599106bb-23d2-11e8-a6a3-ec086b02610b.jpg,rabbit
5911d7f7-23d2-11e8-a6a3-ec086b02610b.jpg,coyote
593ef55d-23d2-11e8-a6a3-ec086b02610b.jpg,cat
58e597ca-23d2-11e8-a6a3-ec086b02610b.jpg,empty
5a231184-23d2-11e8-a6a3-ec086b02610b.jpg,rodent
58ede326-23d2-11e8-a6a3-ec086b02610b.jpg,squirrel
585f4d43-23d2-11e8-a6a3-ec086b02610b.jpg,cat
590b9da5-23d2-11e8-a6a3-ec086b02610b.jpg,opossum
58c66337-23d2-11e8-a6a3-ec086b02610b.jpg,bobcat
596d63e5-23d2-11e8-a6a3-ec086b02610b.jpg,bobcat
59ccd216-23d2-11e8-a6a3-ec086b02610b.jpg,dog
58c66406-23d2-11e8-a6a3-ec086b02610b.jpg,opossum
59d8ed83-23d2-11e8-a6a3-ec086b02610b.jpg,skunk
5998cbf2-23d2-11e8-a6a3-ec086b02610b.jpg,coyote
5938c028-23d2-11e8-a6a3-ec086b02610b.jpg,bobcat
5a0fcf36-23d2-11e8-a6a3-ec086b02610b.jpg,skunk
597e60f5-23d2-11e8-a6a3-ec086b02610b.jpg,raccoon
5922ec08-23d2-11e8-a6a3-ec086b02610b.jpg,dog
590d2d78-23d2-11e8-a6a3-ec086b02610b.jpg,rabbit
59f12842-23d2-11e8-a6a3-ec086b02610b.jpg,deer
5a24a928-23d2-11e8-a6a3-ec086b02610b.jpg,coyote
58ede2fc-23d2-11e8-a6a3-ec086b02610b.jpg,empty
58cca780-23d2-11e8-a6a3-ec086b02610b.jpg,dog
5a0b0215-23d2-11e8-a6a3-ec086b02610b.jpg,rabbit
58df68bd-23d2-11e8-a6a3-ec086b02610b.jpg,coyote
59e5dfa2-23d2-11e8-a6a3-ec086b02610b.jpg,deer
5935a68b-23d2-11e8-a6a3-ec086b02610b.jpg,bobcat
5a2c8479-23d2-11e8-a6a3-ec086b02610b.jpg,coyote
59f12ab3-23d2-11e8-a6a3-ec086b02610b.jpg,bobcat
5a0fd051-23d2-11e8-a6a3-ec086b02610b.jpg,deer
592de62a-23d2-11e8-a6a3-ec086b02610b.jpg,bobcat
59fc7eb9-23d2-11e8-a6a3-ec086b02610b.jpg,opossum
5a17e014-23d2-11e8-a6a3-ec086b02610b.jpg,squirrel
58adc2eb-23d2-11e8-a6a3-ec086b02610b.jpg,squirrel
5a231218-23d2-11e8-a6a3-ec086b02610b.jpg,coyote
59e5e1db-23d2-11e8-a6a3-ec086b02610b.jpg,squirrel
59a94cb6-23d2-11e8-a6a3-ec086b02610b.jpg,deer
5a2af405-23d2-11e8-a6a3-ec086b02610b.jpg,deer
59292fbe-23d2-11e8-a6a3-ec086b02610b.jpg,cat
5913674f-23d2-11e8-a6a3-ec086b02610b.jpg,raccoon
5995ace2-23d2-11e8-a6a3-ec086b02610b.jpg,opossum
5a2177bc-23d2-11e8-a6a3-ec086b02610b.jpg,deer
59e919fe-23d2-11e8-a6a3-ec086b02610b.jpg,cat
59849694-23d2-11e8-a6a3-ec086b02610b.jpg,opossum
59ac6aa7-23d2-11e8-a6a3-ec086b02610b.jpg,rodent
59247b0e-23d2-11e8-a6a3-ec086b02610b.jpg,raccoon
59df5db2-23d2-11e8-a6a3-ec086b02610b.jpg,raccoon
5929300e-23d2-11e8-a6a3-ec086b02610b.jpg,cat
58b8220d-23d2-11e8-a6a3-ec086b02610b.jpg,cat
598dea0f-23d2-11e8-a6a3-ec086b02610b.jpg,deer
589cb578-23d2-11e8-a6a3-ec086b02610b.jpg,dog
59ef8c84-23d2-11e8-a6a3-ec086b02610b.jpg,coyote
59d0e3ec-23d2-11e8-a6a3-ec086b02610b.jpg,coyote
58df691f-23d2-11e8-a6a3-ec086b02610b.jpg,cat
59cb3a3c-23d2-11e8-a6a3-ec086b02610b.jpg,dog
5a27d94f-23d2-11e8-a6a3-ec086b02610b.jpg,raccoon
59420eb2-23d2-11e8-a6a3-ec086b02610b.jpg,empty
59974007-23d2-11e8-a6a3-ec086b02610b.jpg,skunk
59aad9a0-23d2-11e8-a6a3-ec086b02610b.jpg,deer
5a1fe950-23d2-11e8-a6a3-ec086b02610b.jpg,rabbit
59dc25c2-23d2-11e8-a6a3-ec086b02610b.jpg,raccoon
59c66ae2-23d2-11e8-a6a3-ec086b02610b.jpg,empty
59260e48-23d2-11e8-a6a3-ec086b02610b.jpg,dog
5a015f04-23d2-11e8-a6a3-ec086b02610b.jpg,coyote
59e43e73-23d2-11e8-a6a3-ec086b02610b.jpg,rabbit
599420ed-23d2-11e8-a6a3-ec086b02610b.jpg,rodent
591b25cf-23d2-11e8-a6a3-ec086b02610b.jpg,opossum
586fdd86-23d2-11e8-a6a3-ec086b02610b.jpg,dog
59b7a971-23d2-11e8-a6a3-ec086b02610b.jpg,raccoon
5862918b-23d2-11e8-a6a3-ec086b02610b.jpg,empty
5a14a680-23d2-11e8-a6a3-ec086b02610b.jpg,rabbit
594e7923-23d2-11e8-a6a3-ec086b02610b.jpg,empty
59a7bbb0-23d2-11e8-a6a3-ec086b02610b.jpg,raccoon
597cd6a1-23d2-11e8-a6a3-ec086b02610b.jpg,rabbit
598f78dc-23d2-11e8-a6a3-ec086b02610b.jpg,deer
59a49aa5-23d2-11e8-a6a3-ec086b02610b.jpg,bobcat
5986236f-23d2-11e8-a6a3-ec086b02610b.jpg,empty
59d41ba0-23d2-11e8-a6a3-ec086b02610b.jpg,raccoon
5938c1e7-23d2-11e8-a6a3-ec086b02610b.jpg,dog
597b493e-23d2-11e8-a6a3-ec086b02610b.jpg,empty
59973dfe-23d2-11e8-a6a3-ec086b02610b.jpg,raccoon
5a0b02a9-23d2-11e8-a6a3-ec086b02610b.jpg,deer
59f79870-23d2-11e8-a6a3-ec086b02610b.jpg,dog
59783281-23d2-11e8-a6a3-ec086b02610b.jpg,coyote
590a116e-23d2-11e8-a6a3-ec086b02610b.jpg,empty
58782adf-23d2-11e8-a6a3-ec086b02610b.jpg,squirrel
599fbe55-23d2-11e8-a6a3-ec086b02610b.jpg,raccoon
5a2af3ac-23d2-11e8-a6a3-ec086b02610b.jpg,opossum
59dc26d2-23d2-11e8-a6a3-ec086b02610b.jpg,opossum
596a4e72-23d2-11e8-a6a3-ec086b02610b.jpg,cat
598dea8e-23d2-11e8-a6a3-ec086b02610b.jpg,squirrel
59e91aae-23d2-11e8-a6a3-ec086b02610b.jpg,deer
598de738-23d2-11e8-a6a3-ec086b02610b.jpg,deer
58910dea-23d2-11e8-a6a3-ec086b02610b.jpg,squirrel
59ddc037-23d2-11e8-a6a3-ec086b02610b.jpg,deer
59a30d1b-23d2-11e8-a6a3-ec086b02610b.jpg,opossum
59518eaf-23d2-11e8-a6a3-ec086b02610b.jpg,empty
59eab714-23d2-11e8-a6a3-ec086b02610b.jpg,deer
58f1065c-23d2-11e8-a6a3-ec086b02610b.jpg,squirrel
59e77ce8-23d2-11e8-a6a3-ec086b02610b.jpg,cat
59c1776b-23d2-11e8-a6a3-ec086b02610b.jpg,coyote
59941ee0-23d2-11e8-a6a3-ec086b02610b.jpg,deer
597e62b5-23d2-11e8-a6a3-ec086b02610b.jpg,deer
59f4612c-23d2-11e8-a6a3-ec086b02610b.jpg,skunk
588f66cb-23d2-11e8-a6a3-ec086b02610b.jpg,squirrel
59b12ece-23d2-11e8-a6a3-ec086b02610b.jpg,opossum
5984953d-23d2-11e8-a6a3-ec086b02610b.jpg,opossum
59eab7db-23d2-11e8-a6a3-ec086b02610b.jpg,cat
59bac8a3-23d2-11e8-a6a3-ec086b02610b.jpg,fox
59c99cb5-23d2-11e8-a6a3-ec086b02610b.jpg,bobcat
5979bbff-23d2-11e8-a6a3-ec086b02610b.jpg,rodent
5a2e12f5-23d2-11e8-a6a3-ec086b02610b.jpg,deer
59b2eade-23d2-11e8-a6a3-ec086b02610b.jpg,coyote
58b82132-23d2-11e8-a6a3-ec086b02610b.jpg,dog
5860eecd-23d2-11e8-a6a3-ec086b02610b.jpg,skunk
59c668c1-23d2-11e8-a6a3-ec086b02610b.jpg,rabbit
59bca4ae-23d2-11e8-a6a3-ec086b02610b.jpg,cat
59bac7a8-23d2-11e8-a6a3-ec086b02610b.jpg,rabbit
59292d49-23d2-11e8-a6a3-ec086b02610b.jpg,raccoon
59641e44-23d2-11e8-a6a3-ec086b02610b.jpg,raccoon
59fe241f-23d2-11e8-a6a3-ec086b02610b.jpg,squirrel
59e9198b-23d2-11e8-a6a3-ec086b02610b.jpg,rabbit
596a4f9d-23d2-11e8-a6a3-ec086b02610b.jpg,skunk
5906f300-23d2-11e8-a6a3-ec086b02610b.jpg,squirrel
592de49e-23d2-11e8-a6a3-ec086b02610b.jpg,raccoon
586c893e-23d2-11e8-a6a3-ec086b02610b.jpg,empty
59b13224-23d2-11e8-a6a3-ec086b02610b.jpg,cat
5a27d9a5-23d2-11e8-a6a3-ec086b02610b.jpg,fox
5a1b1359-23d2-11e8-a6a3-ec086b02610b.jpg,squirrel
587d424c-23d2-11e8-a6a3-ec086b02610b.jpg,raccoon
59aad9dc-23d2-11e8-a6a3-ec086b02610b.jpg,skunk
59ccd364-23d2-11e8-a6a3-ec086b02610b.jpg,opossum
599d7e48-23d2-11e8-a6a3-ec086b02610b.jpg,coyote
597389ba-23d2-11e8-a6a3-ec086b02610b.jpg,raccoon
58cca503-23d2-11e8-a6a3-ec086b02610b.jpg,raccoon
59a94e63-23d2-11e8-a6a3-ec086b02610b.jpg,rabbit
59f5fec4-23d2-11e8-a6a3-ec086b02610b.jpg,rabbit
58ddd79d-23d2-11e8-a6a3-ec086b02610b.jpg,deer
59104c2b-23d2-11e8-a6a3-ec086b02610b.jpg,coyote
59c179be-23d2-11e8-a6a3-ec086b02610b.jpg,bobcat
58c03346-23d2-11e8-a6a3-ec086b02610b.jpg,cat
59a49bb8-23d2-11e8-a6a3-ec086b02610b.jpg,coyote
5a17dd99-23d2-11e8-a6a3-ec086b02610b.jpg,squirrel
58e281d8-23d2-11e8-a6a3-ec086b02610b.jpg,rabbit
597cd64e-23d2-11e8-a6a3-ec086b02610b.jpg,empty
58ce3fd2-23d2-11e8-a6a3-ec086b02610b.jpg,squirrel
59a30c05-23d2-11e8-a6a3-ec086b02610b.jpg,dog
59b939a3-23d2-11e8-a6a3-ec086b02610b.jpg,squirrel
593d6771-23d2-11e8-a6a3-ec086b02610b.jpg,bobcat
5888bd70-23d2-11e8-a6a3-ec086b02610b.jpg,dog
59673708-23d2-11e8-a6a3-ec086b02610b.jpg,rabbit
59eab99e-23d2-11e8-a6a3-ec086b02610b.jpg,rabbit
58d2eaf8-23d2-11e8-a6a3-ec086b02610b.jpg,empty
58b8200d-23d2-11e8-a6a3-ec086b02610b.jpg,skunk
59817a90-23d2-11e8-a6a3-ec086b02610b.jpg,raccoon
5a17def8-23d2-11e8-a6a3-ec086b02610b.jpg,deer
598ad061-23d2-11e8-a6a3-ec086b02610b.jpg,rabbit
59aadbac-23d2-11e8-a6a3-ec086b02610b.jpg,deer
5a2310f0-23d2-11e8-a6a3-ec086b02610b.jpg,coyote
59929302-23d2-11e8-a6a3-ec086b02610b.jpg,raccoon
58ce3e38-23d2-11e8-a6a3-ec086b02610b.jpg,rabbit
59a30cfd-23d2-11e8-a6a3-ec086b02610b.jpg,bobcat
5a1cb16f-23d2-11e8-a6a3-ec086b02610b.jpg,skunk
5976a286-23d2-11e8-a6a3-ec086b02610b.jpg,opossum
59be404c-23d2-11e8-a6a3-ec086b02610b.jpg,rabbit
59ec554d-23d2-11e8-a6a3-ec086b02610b.jpg,rodent
5a2af533-23d2-11e8-a6a3-ec086b02610b.jpg,squirrel
59d0e2b1-23d2-11e8-a6a3-ec086b02610b.jpg,raccoon
597513f7-23d2-11e8-a6a3-ec086b02610b.jpg,opossum
5a24a728-23d2-11e8-a6a3-ec086b02610b.jpg,raccoon
58a02295-23d2-11e8-a6a3-ec086b02610b.jpg,raccoon
59cb370f-23d2-11e8-a6a3-ec086b02610b.jpg,bobcat
585a6284-23d2-11e8-a6a3-ec086b02610b.jpg,empty
597830a1-23d2-11e8-a6a3-ec086b02610b.jpg,raccoon
597b4a26-23d2-11e8-a6a3-ec086b02610b.jpg,deer
59be3eb4-23d2-11e8-a6a3-ec086b02610b.jpg,fox
59817ae1-23d2-11e8-a6a3-ec086b02610b.jpg,deer
59104b3d-23d2-11e8-a6a3-ec086b02610b.jpg,cat
5a27d840-23d2-11e8-a6a3-ec086b02610b.jpg,raccoon
59f799e0-23d2-11e8-a6a3-ec086b02610b.jpg,deer
58adc1ea-23d2-11e8-a6a3-ec086b02610b.jpg,cat
5a2af663-23d2-11e8-a6a3-ec086b02610b.jpg,empty
59f46293-23d2-11e8-a6a3-ec086b02610b.jpg,deer
5879d351-23d2-11e8-a6a3-ec086b02610b.jpg,coyote
5a062f15-23d2-11e8-a6a3-ec086b02610b.jpg,opossum
5a2af6e4-23d2-11e8-a6a3-ec086b02610b.jpg,cat
5979bdf3-23d2-11e8-a6a3-ec086b02610b.jpg,rabbit
5a2c8604-23d2-11e8-a6a3-ec086b02610b.jpg,fox
591b24a7-23d2-11e8-a6a3-ec086b02610b.jpg,rabbit
5a096a00-23d2-11e8-a6a3-ec086b02610b.jpg,cat
59bca5da-23d2-11e8-a6a3-ec086b02610b.jpg,empty
5a17df9f-23d2-11e8-a6a3-ec086b02610b.jpg,rabbit
59e43ec5-23d2-11e8-a6a3-ec086b02610b.jpg,dog
59c99dfc-23d2-11e8-a6a3-ec086b02610b.jpg,coyote
590ebc17-23d2-11e8-a6a3-ec086b02610b.jpg,deer
5a17deee-23d2-11e8-a6a3-ec086b02610b.jpg,opossum
59ef8e1c-23d2-11e8-a6a3-ec086b02610b.jpg,cat
5a17ddf5-23d2-11e8-a6a3-ec086b02610b.jpg,squirrel
58fbebe7-23d2-11e8-a6a3-ec086b02610b.jpg,raccoon
58a1cbf9-23d2-11e8-a6a3-ec086b02610b.jpg,raccoon
58cfcc91-23d2-11e8-a6a3-ec086b02610b.jpg,raccoon
59f79a93-23d2-11e8-a6a3-ec086b02610b.jpg,cat
5922ec7d-23d2-11e8-a6a3-ec086b02610b.jpg,dog
58ec5741-23d2-11e8-a6a3-ec086b02610b.jpg,squirrel
58aa593f-23d2-11e8-a6a3-ec086b02610b.jpg,cat
598494d5-23d2-11e8-a6a3-ec086b02610b.jpg,deer
59531d11-23d2-11e8-a6a3-ec086b02610b.jpg,rabbit
59a94de0-23d2-11e8-a6a3-ec086b02610b.jpg,opossum
5a163f01-23d2-11e8-a6a3-ec086b02610b.jpg,rabbit
59e5de75-23d2-11e8-a6a3-ec086b02610b.jpg,rabbit
59b2e9f2-23d2-11e8-a6a3-ec086b02610b.jpg,fox
597cd4c8-23d2-11e8-a6a3-ec086b02610b.jpg,coyote
585f4d05-23d2-11e8-a6a3-ec086b02610b.jpg,cat
59f2c49a-23d2-11e8-a6a3-ec086b02610b.jpg,bobcat
58bb8d20-23d2-11e8-a6a3-ec086b02610b.jpg,raccoon
598de8f3-23d2-11e8-a6a3-ec086b02610b.jpg,rabbit
5a17df7c-23d2-11e8-a6a3-ec086b02610b.jpg,fox
59c4bfcd-23d2-11e8-a6a3-ec086b02610b.jpg,deer
59d8ebfc-23d2-11e8-a6a3-ec086b02610b.jpg,empty
59408257-23d2-11e8-a6a3-ec086b02610b.jpg,deer
58f105f1-23d2-11e8-a6a3-ec086b02610b.jpg,opossum
5a0fd1c1-23d2-11e8-a6a3-ec086b02610b.jpg,dog
59cb39ba-23d2-11e8-a6a3-ec086b02610b.jpg,rodent
58a8a3cc-23d2-11e8-a6a3-ec086b02610b.jpg,raccoon
59f12813-23d2-11e8-a6a3-ec086b02610b.jpg,bobcat
58b1301a-23d2-11e8-a6a3-ec086b02610b.jpg,coyote
59bfdc46-23d2-11e8-a6a3-ec086b02610b.jpg,rodent
59d8eaa0-23d2-11e8-a6a3-ec086b02610b.jpg,dog
588dbc7f-23d2-11e8-a6a3-ec086b02610b.jpg,opossum
58d2e9c7-23d2-11e8-a6a3-ec086b02610b.jpg,bobcat
5913663b-23d2-11e8-a6a3-ec086b02610b.jpg,dog
5976a440-23d2-11e8-a6a3-ec086b02610b.jpg,rabbit
58a37a32-23d2-11e8-a6a3-ec086b02610b.jpg,coyote
586436c2-23d2-11e8-a6a3-ec086b02610b.jpg,coyote
59cf4643-23d2-11e8-a6a3-ec086b02610b.jpg,dog
59b12f6d-23d2-11e8-a6a3-ec086b02610b.jpg,bobcat
59f9454b-23d2-11e8-a6a3-ec086b02610b.jpg,raccoon
5976a51d-23d2-11e8-a6a3-ec086b02610b.jpg,raccoon
59b48651-23d2-11e8-a6a3-ec086b02610b.jpg,coyote
59b131ce-23d2-11e8-a6a3-ec086b02610b.jpg,skunk
5973886f-23d2-11e8-a6a3-ec086b02610b.jpg,opossum
59e441bf-23d2-11e8-a6a3-ec086b02610b.jpg,cat
59dc26de-23d2-11e8-a6a3-ec086b02610b.jpg,fox
58cca536-23d2-11e8-a6a3-ec086b02610b.jpg,empty
58bb8990-23d2-11e8-a6a3-ec086b02610b.jpg,cat
598624e0-23d2-11e8-a6a3-ec086b02610b.jpg,skunk
5a263797-23d2-11e8-a6a3-ec086b02610b.jpg,empty
5896097b-23d2-11e8-a6a3-ec086b02610b.jpg,raccoon
59783059-23d2-11e8-a6a3-ec086b02610b.jpg,rodent
59a17afd-23d2-11e8-a6a3-ec086b02610b.jpg,empty
59f2c564-23d2-11e8-a6a3-ec086b02610b.jpg,deer
59a17ac8-23d2-11e8-a6a3-ec086b02610b.jpg,coyote
595f78dc-23d2-11e8-a6a3-ec086b02610b.jpg,empty
5a049366-23d2-11e8-a6a3-ec086b02610b.jpg,squirrel
5a07cdff-23d2-11e8-a6a3-ec086b02610b.jpg,rabbit
58c97c65-23d2-11e8-a6a3-ec086b02610b.jpg,dog
59b4834d-23d2-11e8-a6a3-ec086b02610b.jpg,deer
59ec5353-23d2-11e8-a6a3-ec086b02610b.jpg,deer
59e2a28b-23d2-11e8-a6a3-ec086b02610b.jpg,rabbit
59cf4729-23d2-11e8-a6a3-ec086b02610b.jpg,bobcat
5a263a0a-23d2-11e8-a6a3-ec086b02610b.jpg,raccoon
5a163f17-23d2-11e8-a6a3-ec086b02610b.jpg,rabbit
5a116c9c-23d2-11e8-a6a3-ec086b02610b.jpg,coyote
59b93a71-23d2-11e8-a6a3-ec086b02610b.jpg,empty
59b2eb43-23d2-11e8-a6a3-ec086b02610b.jpg,raccoon
58dc4bbf-23d2-11e8-a6a3-ec086b02610b.jpg,rabbit
59be3f30-23d2-11e8-a6a3-ec086b02610b.jpg,coyote
5914f04a-23d2-11e8-a6a3-ec086b02610b.jpg,rabbit
596d6393-23d2-11e8-a6a3-ec086b02610b.jpg,deer
58ce3d54-23d2-11e8-a6a3-ec086b02610b.jpg,opossum
59247b74-23d2-11e8-a6a3-ec086b02610b.jpg,cat
59a17b15-23d2-11e8-a6a3-ec086b02610b.jpg,opossum
5a2e1389-23d2-11e8-a6a3-ec086b02610b.jpg,deer
59d5b865-23d2-11e8-a6a3-ec086b02610b.jpg,coyote
59ddc0d4-23d2-11e8-a6a3-ec086b02610b.jpg,squirrel
5a14a60b-23d2-11e8-a6a3-ec086b02610b.jpg,bobcat
59ccd13b-23d2-11e8-a6a3-ec086b02610b.jpg,deer
599d7b59-23d2-11e8-a6a3-ec086b02610b.jpg,rabbit
589b0126-23d2-11e8-a6a3-ec086b02610b.jpg,squirrel
593a4eab-23d2-11e8-a6a3-ec086b02610b.jpg,dog
59b131d8-23d2-11e8-a6a3-ec086b02610b.jpg,bobcat
59180953-23d2-11e8-a6a3-ec086b02610b.jpg,bobcat
587eebda-23d2-11e8-a6a3-ec086b02610b.jpg,dog
599be9cd-23d2-11e8-a6a3-ec086b02610b.jpg,bobcat
5a2176c7-23d2-11e8-a6a3-ec086b02610b.jpg,fox
5903ce07-23d2-11e8-a6a3-ec086b02610b.jpg,squirrel
59c177bc-23d2-11e8-a6a3-ec086b02610b.jpg,deer
59199684-23d2-11e8-a6a3-ec086b02610b.jpg,empty
59941e7f-23d2-11e8-a6a3-ec086b02610b.jpg,rodent
59641dd8-23d2-11e8-a6a3-ec086b02610b.jpg,opossum
586c88e9-23d2-11e8-a6a3-ec086b02610b.jpg,empty
586c8949-23d2-11e8-a6a3-ec086b02610b.jpg,cat
59a17c0a-23d2-11e8-a6a3-ec086b02610b.jpg,deer
589460e7-23d2-11e8-a6a3-ec086b02610b.jpg,opossum
5897b2b9-23d2-11e8-a6a3-ec086b02610b.jpg,rabbit
59e77e88-23d2-11e8-a6a3-ec086b02610b.jpg,empty
599a59a3-23d2-11e8-a6a3-ec086b02610b.jpg,opossum
59be4181-23d2-11e8-a6a3-ec086b02610b.jpg,coyote
58f5afdd-23d2-11e8-a6a3-ec086b02610b.jpg,empty
598495a4-23d2-11e8-a6a3-ec086b02610b.jpg,rabbit
58a0205f-23d2-11e8-a6a3-ec086b02610b.jpg,squirrel
5a096961-23d2-11e8-a6a3-ec086b02610b.jpg,rodent
5961097b-23d2-11e8-a6a3-ec086b02610b.jpg,rodent
5998cfc6-23d2-11e8-a6a3-ec086b02610b.jpg,opossum
59ec530c-23d2-11e8-a6a3-ec086b02610b.jpg,deer
5971facb-23d2-11e8-a6a3-ec086b02610b.jpg,bobcat
59973d51-23d2-11e8-a6a3-ec086b02610b.jpg,cat
591b23ea-23d2-11e8-a6a3-ec086b02610b.jpg,raccoon
58d7a14b-23d2-11e8-a6a3-ec086b02610b.jpg,rabbit
588093ca-23d2-11e8-a6a3-ec086b02610b.jpg,cat
59a94d53-23d2-11e8-a6a3-ec086b02610b.jpg,rabbit
59edf103-23d2-11e8-a6a3-ec086b02610b.jpg,empty
59e5df84-23d2-11e8-a6a3-ec086b02610b.jpg,bobcat
597b4a05-23d2-11e8-a6a3-ec086b02610b.jpg,opossum
58b9d8f6-23d2-11e8-a6a3-ec086b02610b.jpg,empty
59a49abd-23d2-11e8-a6a3-ec086b02610b.jpg,squirrel
5a096947-23d2-11e8-a6a3-ec086b02610b.jpg,opossum
59baca0b-23d2-11e8-a6a3-ec086b02610b.jpg,rabbit
5954a965-23d2-11e8-a6a3-ec086b02610b.jpg,coyote
58f293f1-23d2-11e8-a6a3-ec086b02610b.jpg,dog
59673777-23d2-11e8-a6a3-ec086b02610b.jpg,coyote
5918094c-23d2-11e8-a6a3-ec086b02610b.jpg,empty
5967362d-23d2-11e8-a6a3-ec086b02610b.jpg,coyote
5a2965b8-23d2-11e8-a6a3-ec086b02610b.jpg,rodent
5a1cb008-23d2-11e8-a6a3-ec086b02610b.jpg,opossum
59a7beda-23d2-11e8-a6a3-ec086b02610b.jpg,deer
59e77eb6-23d2-11e8-a6a3-ec086b02610b.jpg,empty
598623b8-23d2-11e8-a6a3-ec086b02610b.jpg,rabbit
5a096c28-23d2-11e8-a6a3-ec086b02610b.jpg,bobcat
587b7d8b-23d2-11e8-a6a3-ec086b02610b.jpg,cat
59d5b89b-23d2-11e8-a6a3-ec086b02610b.jpg,coyote
58cb13dc-23d2-11e8-a6a3-ec086b02610b.jpg,bobcat
59aadd07-23d2-11e8-a6a3-ec086b02610b.jpg,deer
5a2637b2-23d2-11e8-a6a3-ec086b02610b.jpg,cat
597830e7-23d2-11e8-a6a3-ec086b02610b.jpg,dog
5a230fed-23d2-11e8-a6a3-ec086b02610b.jpg,cat
59b613a7-23d2-11e8-a6a3-ec086b02610b.jpg,raccoon
59dc26b2-23d2-11e8-a6a3-ec086b02610b.jpg,deer
59b6169d-23d2-11e8-a6a3-ec086b02610b.jpg,rodent
5979bef1-23d2-11e8-a6a3-ec086b02610b.jpg,deer
59fae720-23d2-11e8-a6a3-ec086b02610b.jpg,bobcat
59fae456-23d2-11e8-a6a3-ec086b02610b.jpg,fox
5a015d15-23d2-11e8-a6a3-ec086b02610b.jpg,deer
59f79841-23d2-11e8-a6a3-ec086b02610b.jpg,rodent
596a4f82-23d2-11e8-a6a3-ec086b02610b.jpg,fox
598f77fa-23d2-11e8-a6a3-ec086b02610b.jpg,rabbit
596734a4-23d2-11e8-a6a3-ec086b02610b.jpg,coyote
592164a9-23d2-11e8-a6a3-ec086b02610b.jpg,cat
59180a45-23d2-11e8-a6a3-ec086b02610b.jpg,empty
5a2c874e-23d2-11e8-a6a3-ec086b02610b.jpg,raccoon
5a116d6b-23d2-11e8-a6a3-ec086b02610b.jpg,squirrel
598f7732-23d2-11e8-a6a3-ec086b02610b.jpg,opossum
595decf1-23d2-11e8-a6a3-ec086b02610b.jpg,empty
5957c4a4-23d2-11e8-a6a3-ec086b02610b.jpg,rabbit
59e5dedd-23d2-11e8-a6a3-ec086b02610b.jpg,squirrel
58629198-23d2-11e8-a6a3-ec086b02610b.jpg,opossum
59e5e11b-23d2-11e8-a6a3-ec086b02610b.jpg,coyote
593d69f1-23d2-11e8-a6a3-ec086b02610b.jpg,rabbit
590ebba5-23d2-11e8-a6a3-ec086b02610b.jpg,cat
59180951-23d2-11e8-a6a3-ec086b02610b.jpg,bobcat
58a1cbbb-23d2-11e8-a6a3-ec086b02610b.jpg,cat
58a1c961-23d2-11e8-a6a3-ec086b02610b.jpg,coyote
591679ba-23d2-11e8-a6a3-ec086b02610b.jpg,raccoon
5888be0e-23d2-11e8-a6a3-ec086b02610b.jpg,squirrel
596d629e-23d2-11e8-a6a3-ec086b02610b.jpg,skunk
58af76ea-23d2-11e8-a6a3-ec086b02610b.jpg,coyote
59a17d08-23d2-11e8-a6a3-ec086b02610b.jpg,cat
593bde73-23d2-11e8-a6a3-ec086b02610b.jpg,empty
58e7259e-23d2-11e8-a6a3-ec086b02610b.jpg,raccoon
5995aeb3-23d2-11e8-a6a3-ec086b02610b.jpg,bobcat
598944a9-23d2-11e8-a6a3-ec086b02610b.jpg,squirrel
58f8cdb6-23d2-11e8-a6a3-ec086b02610b.jpg,opossum
58bd1c2d-23d2-11e8-a6a3-ec086b02610b.jpg,cat
59f798e5-23d2-11e8-a6a3-ec086b02610b.jpg,bobcat
5858bf8a-23d2-11e8-a6a3-ec086b02610b.jpg,raccoon
597cd603-23d2-11e8-a6a3-ec086b02610b.jpg,deer
59167a01-23d2-11e8-a6a3-ec086b02610b.jpg,dog
59e5e1b8-23d2-11e8-a6a3-ec086b02610b.jpg,rodent
59adfc53-23d2-11e8-a6a3-ec086b02610b.jpg,squirrel
5a0492a9-23d2-11e8-a6a3-ec086b02610b.jpg,opossum
5a04960e-23d2-11e8-a6a3-ec086b02610b.jpg,rodent
59260ba0-23d2-11e8-a6a3-ec086b02610b.jpg,dog
59c80525-23d2-11e8-a6a3-ec086b02610b.jpg,bobcat
59eabac1-23d2-11e8-a6a3-ec086b02610b.jpg,squirrel
58adc2c3-23d2-11e8-a6a3-ec086b02610b.jpg,coyote
599d7e14-23d2-11e8-a6a3-ec086b02610b.jpg,bobcat
589cb4ed-23d2-11e8-a6a3-ec086b02610b.jpg,opossum
5894622f-23d2-11e8-a6a3-ec086b02610b.jpg,rabbit
592abf00-23d2-11e8-a6a3-ec086b02610b.jpg,cat
59d0e2b6-23d2-11e8-a6a3-ec086b02610b.jpg,deer
590b9b80-23d2-11e8-a6a3-ec086b02610b.jpg,rabbit
59f2c407-23d2-11e8-a6a3-ec086b02610b.jpg,bobcat
58cca5c7-23d2-11e8-a6a3-ec086b02610b.jpg,coyote
59cb3720-23d2-11e8-a6a3-ec086b02610b.jpg,raccoon
59942097-23d2-11e8-a6a3-ec086b02610b.jpg,bobcat
58ddd4e5-23d2-11e8-a6a3-ec086b02610b.jpg,empty
591e3fed-23d2-11e8-a6a3-ec086b02610b.jpg,raccoon
588dbb9b-23d2-11e8-a6a3-ec086b02610b.jpg,squirrel
5a1cb109-23d2-11e8-a6a3-ec086b02610b.jpg,opossum
58bea68b-23d2-11e8-a6a3-ec086b02610b.jpg,opossum
587829b6-23d2-11e8-a6a3-ec086b02610b.jpg,coyote
590b9c34-23d2-11e8-a6a3-ec086b02610b.jpg,squirrel
5a1e5052-23d2-11e8-a6a3-ec086b02610b.jpg,opossum
595adcdf-23d2-11e8-a6a3-ec086b02610b.jpg,rabbit
597fefca-23d2-11e8-a6a3-ec086b02610b.jpg,squirrel
5a14a579-23d2-11e8-a6a3-ec086b02610b.jpg,cat
5a0c9d4a-23d2-11e8-a6a3-ec086b02610b.jpg,opossum
58adc38f-23d2-11e8-a6a3-ec086b02610b.jpg,empty
5976a351-23d2-11e8-a6a3-ec086b02610b.jpg,dog
5a2311d2-23d2-11e8-a6a3-ec086b02610b.jpg,raccoon
58dc4b95-23d2-11e8-a6a3-ec086b02610b.jpg,raccoon
593bddf7-23d2-11e8-a6a3-ec086b02610b.jpg,squirrel
58c34f2d-23d2-11e8-a6a3-ec086b02610b.jpg,raccoon
586c8812-23d2-11e8-a6a3-ec086b02610b.jpg,dog
5a0c9bc1-23d2-11e8-a6a3-ec086b02610b.jpg,skunk
58d9308d-23d2-11e8-a6a3-ec086b02610b.jpg,squirrel
596ef069-23d2-11e8-a6a3-ec086b02610b.jpg,rabbit
589cb35e-23d2-11e8-a6a3-ec086b02610b.jpg,dog
5a02fad1-23d2-11e8-a6a3-ec086b02610b.jpg,coyote
59f2c5de-23d2-11e8-a6a3-ec086b02610b.jpg,raccoon
58af7835-23d2-11e8-a6a3-ec086b02610b.jpg,squirrel
59d5b803-23d2-11e8-a6a3-ec086b02610b.jpg,opossum
58b9d6dd-23d2-11e8-a6a3-ec086b02610b.jpg,empty
58a52ea6-23d2-11e8-a6a3-ec086b02610b.jpg,cat
59d5b631-23d2-11e8-a6a3-ec086b02610b.jpg,fox
59b7a7d1-23d2-11e8-a6a3-ec086b02610b.jpg,deer
59bfdf47-23d2-11e8-a6a3-ec086b02610b.jpg,rabbit
5971fa71-23d2-11e8-a6a3-ec086b02610b.jpg,deer
5903cc56-23d2-11e8-a6a3-ec086b02610b.jpg,cat
59f947f0-23d2-11e8-a6a3-ec086b02610b.jpg,fox
59e1034b-23d2-11e8-a6a3-ec086b02610b.jpg,coyote
598622f5-23d2-11e8-a6a3-ec086b02610b.jpg,squirrel
59c31bd7-23d2-11e8-a6a3-ec086b02610b.jpg,bobcat
59d27b41-23d2-11e8-a6a3-ec086b02610b.jpg,rabbit
58a6e5fa-23d2-11e8-a6a3-ec086b02610b.jpg,cat
5949cf43-23d2-11e8-a6a3-ec086b02610b.jpg,squirrel
58b9d74d-23d2-11e8-a6a3-ec086b02610b.jpg,squirrel
599be7bf-23d2-11e8-a6a3-ec086b02610b.jpg,rabbit
5986240f-23d2-11e8-a6a3-ec086b02610b.jpg,opossum
5938c2b1-23d2-11e8-a6a3-ec086b02610b.jpg,empty
591e4153-23d2-11e8-a6a3-ec086b02610b.jpg,dog
5949cf1c-23d2-11e8-a6a3-ec086b02610b.jpg,dog
58ff0ecb-23d2-11e8-a6a3-ec086b02610b.jpg,dog
59d5b8db-23d2-11e8-a6a3-ec086b02610b.jpg,bobcat
59a62b74-23d2-11e8-a6a3-ec086b02610b.jpg,empty
58e40e67-23d2-11e8-a6a3-ec086b02610b.jpg,opossum
58cca81f-23d2-11e8-a6a3-ec086b02610b.jpg,raccoon
59783206-23d2-11e8-a6a3-ec086b02610b.jpg,opossum
591b254e-23d2-11e8-a6a3-ec086b02610b.jpg,dog
597fef85-23d2-11e8-a6a3-ec086b02610b.jpg,deer
59941e6e-23d2-11e8-a6a3-ec086b02610b.jpg,deer
59a30d10-23d2-11e8-a6a3-ec086b02610b.jpg,squirrel
595c6740-23d2-11e8-a6a3-ec086b02610b.jpg,skunk
59830734-23d2-11e8-a6a3-ec086b02610b.jpg,bobcat
58cfca22-23d2-11e8-a6a3-ec086b02610b.jpg,opossum
595f7b33-23d2-11e8-a6a3-ec086b02610b.jpg,dog
59862664-23d2-11e8-a6a3-ec086b02610b.jpg,skunk
59d27aea-23d2-11e8-a6a3-ec086b02610b.jpg,raccoon
5a1cb138-23d2-11e8-a6a3-ec086b02610b.jpg,deer
598de900-23d2-11e8-a6a3-ec086b02610b.jpg,opossum
58d7a0ce-23d2-11e8-a6a3-ec086b02610b.jpg,bobcat
59ef8c21-23d2-11e8-a6a3-ec086b02610b.jpg,opossum
58ac0e07-23d2-11e8-a6a3-ec086b02610b.jpg,cat
5a1cb295-23d2-11e8-a6a3-ec086b02610b.jpg,dog
5a1e5252-23d2-11e8-a6a3-ec086b02610b.jpg,bobcat
5987b481-23d2-11e8-a6a3-ec086b02610b.jpg,opossum
587b7ee1-23d2-11e8-a6a3-ec086b02610b.jpg,rabbit
58a37a5c-23d2-11e8-a6a3-ec086b02610b.jpg,rabbit
59a49a35-23d2-11e8-a6a3-ec086b02610b.jpg,opossum
59e91a9f-23d2-11e8-a6a3-ec086b02610b.jpg,rabbit
59f12925-23d2-11e8-a6a3-ec086b02610b.jpg,rabbit
5a2175d8-23d2-11e8-a6a3-ec086b02610b.jpg,dog
59973ecf-23d2-11e8-a6a3-ec086b02610b.jpg,opossum
59ec5652-23d2-11e8-a6a3-ec086b02610b.jpg,cat
59cf4549-23d2-11e8-a6a3-ec086b02610b.jpg,rabbit
58c7f1db-23d2-11e8-a6a3-ec086b02610b.jpg,raccoon
5957c208-23d2-11e8-a6a3-ec086b02610b.jpg,rabbit
5a1979b4-23d2-11e8-a6a3-ec086b02610b.jpg,bobcat
58f73eef-23d2-11e8-a6a3-ec086b02610b.jpg,empty
59104ad2-23d2-11e8-a6a3-ec086b02610b.jpg,skunk
5a2639a5-23d2-11e8-a6a3-ec086b02610b.jpg,empty
58cb13cf-23d2-11e8-a6a3-ec086b02610b.jpg,cat
59c17aaf-23d2-11e8-a6a3-ec086b02610b.jpg,deer
59ef8de7-23d2-11e8-a6a3-ec086b02610b.jpg,empty
597fee3b-23d2-11e8-a6a3-ec086b02610b.jpg,cat
59bca3c7-23d2-11e8-a6a3-ec086b02610b.jpg,deer
59b2e977-23d2-11e8-a6a3-ec086b02610b.jpg,deer
5976a387-23d2-11e8-a6a3-ec086b02610b.jpg,coyote
58ce3e9c-23d2-11e8-a6a3-ec086b02610b.jpg,raccoon
59fc7cdd-23d2-11e8-a6a3-ec086b02610b.jpg,empty
59b13144-23d2-11e8-a6a3-ec086b02610b.jpg,rabbit
59af991d-23d2-11e8-a6a3-ec086b02610b.jpg,coyote
591fd107-23d2-11e8-a6a3-ec086b02610b.jpg,dog
59a30d08-23d2-11e8-a6a3-ec086b02610b.jpg,deer
5968c0b8-23d2-11e8-a6a3-ec086b02610b.jpg,bobcat
5a062e4a-23d2-11e8-a6a3-ec086b02610b.jpg,rabbit
59500375-23d2-11e8-a6a3-ec086b02610b.jpg,mountain_lion
5968c016-23d2-11e8-a6a3-ec086b02610b.jpg,dog
5879d3d4-23d2-11e8-a6a3-ec086b02610b.jpg,bobcat
5a07cdf3-23d2-11e8-a6a3-ec086b02610b.jpg,deer
59b93796-23d2-11e8-a6a3-ec086b02610b.jpg,skunk
58d2ec5e-23d2-11e8-a6a3-ec086b02610b.jpg,raccoon
5892b5e1-23d2-11e8-a6a3-ec086b02610b.jpg,raccoon
59ec54da-23d2-11e8-a6a3-ec086b02610b.jpg,cat
5a1fe78e-23d2-11e8-a6a3-ec086b02610b.jpg,opossum
58a8a224-23d2-11e8-a6a3-ec086b02610b.jpg,empty
59f5fe19-23d2-11e8-a6a3-ec086b02610b.jpg,rodent
59610885-23d2-11e8-a6a3-ec086b02610b.jpg,rodent
5a015d88-23d2-11e8-a6a3-ec086b02610b.jpg,deer
599104b4-23d2-11e8-a6a3-ec086b02610b.jpg,coyote
58fd7c11-23d2-11e8-a6a3-ec086b02610b.jpg,squirrel
5954ab21-23d2-11e8-a6a3-ec086b02610b.jpg,skunk
59673751-23d2-11e8-a6a3-ec086b02610b.jpg,squirrel
59e77ce0-23d2-11e8-a6a3-ec086b02610b.jpg,fox
5900a241-23d2-11e8-a6a3-ec086b02610b.jpg,coyote
59a17d05-23d2-11e8-a6a3-ec086b02610b.jpg,squirrel
5a29668a-23d2-11e8-a6a3-ec086b02610b.jpg,rabbit
5954a884-23d2-11e8-a6a3-ec086b02610b.jpg,rodent
59673797-23d2-11e8-a6a3-ec086b02610b.jpg,rodent
59738a0f-23d2-11e8-a6a3-ec086b02610b.jpg,coyote
59f1294d-23d2-11e8-a6a3-ec086b02610b.jpg,dog
599fbd63-23d2-11e8-a6a3-ec086b02610b.jpg,deer
5894616d-23d2-11e8-a6a3-ec086b02610b.jpg,opossum
59d750f5-23d2-11e8-a6a3-ec086b02610b.jpg,squirrel
591cb2d8-23d2-11e8-a6a3-ec086b02610b.jpg,rabbit
58732f1e-23d2-11e8-a6a3-ec086b02610b.jpg,cat
59d5b6a5-23d2-11e8-a6a3-ec086b02610b.jpg,raccoon
59cf455d-23d2-11e8-a6a3-ec086b02610b.jpg,cat
59be40a6-23d2-11e8-a6a3-ec086b02610b.jpg,opossum
59c17923-23d2-11e8-a6a3-ec086b02610b.jpg,raccoon
59641d60-23d2-11e8-a6a3-ec086b02610b.jpg,skunk
5897b1f1-23d2-11e8-a6a3-ec086b02610b.jpg,bobcat
593ef7b1-23d2-11e8-a6a3-ec086b02610b.jpg,opossum
59f12aff-23d2-11e8-a6a3-ec086b02610b.jpg,raccoon
586c8932-23d2-11e8-a6a3-ec086b02610b.jpg,empty
59f5fe4c-23d2-11e8-a6a3-ec086b02610b.jpg,coyote
59b61429-23d2-11e8-a6a3-ec086b02610b.jpg,skunk
586c8845-23d2-11e8-a6a3-ec086b02610b.jpg,bobcat
589b0257-23d2-11e8-a6a3-ec086b02610b.jpg,coyote
597cd726-23d2-11e8-a6a3-ec086b02610b.jpg,dog
595c687e-23d2-11e8-a6a3-ec086b02610b.jpg,skunk
58ef6f3d-23d2-11e8-a6a3-ec086b02610b.jpg,empty
593bdad6-23d2-11e8-a6a3-ec086b02610b.jpg,empty
587d4262-23d2-11e8-a6a3-ec086b02610b.jpg,dog
593d6983-23d2-11e8-a6a3-ec086b02610b.jpg,empty
59fe2162-23d2-11e8-a6a3-ec086b02610b.jpg,opossum
596eeffe-23d2-11e8-a6a3-ec086b02610b.jpg,rodent
58995b42-23d2-11e8-a6a3-ec086b02610b.jpg,dog
5a2963a9-23d2-11e8-a6a3-ec086b02610b.jpg,deer
59c66ac0-23d2-11e8-a6a3-ec086b02610b.jpg,bobcat
5a116c33-23d2-11e8-a6a3-ec086b02610b.jpg,opossum
59bca50e-23d2-11e8-a6a3-ec086b02610b.jpg,deer
59d8edc1-23d2-11e8-a6a3-ec086b02610b.jpg,rodent
59c4bf64-23d2-11e8-a6a3-ec086b02610b.jpg,coyote
58e938f8-23d2-11e8-a6a3-ec086b02610b.jpg,bobcat
58767fa8-23d2-11e8-a6a3-ec086b02610b.jpg,raccoon
58eacac2-23d2-11e8-a6a3-ec086b02610b.jpg,skunk
58e40d22-23d2-11e8-a6a3-ec086b02610b.jpg,coyote
5a197bae-23d2-11e8-a6a3-ec086b02610b.jpg,cat
59ccd2ba-23d2-11e8-a6a3-ec086b02610b.jpg,skunk
59ccd1f7-23d2-11e8-a6a3-ec086b02610b.jpg,coyote
592c4dc3-23d2-11e8-a6a3-ec086b02610b.jpg,empty
5883eab5-23d2-11e8-a6a3-ec086b02610b.jpg,dog
585daaee-23d2-11e8-a6a3-ec086b02610b.jpg,opossum
59e4402c-23d2-11e8-a6a3-ec086b02610b.jpg,squirrel
59aadc0e-23d2-11e8-a6a3-ec086b02610b.jpg,coyote
598624a2-23d2-11e8-a6a3-ec086b02610b.jpg,squirrel
5921648e-23d2-11e8-a6a3-ec086b02610b.jpg,empty
5919968f-23d2-11e8-a6a3-ec086b02610b.jpg,bobcat
59d5b660-23d2-11e8-a6a3-ec086b02610b.jpg,deer
59279c61-23d2-11e8-a6a3-ec086b02610b.jpg,raccoon
58b1316d-23d2-11e8-a6a3-ec086b02610b.jpg,empty
59e102db-23d2-11e8-a6a3-ec086b02610b.jpg,skunk
592930a4-23d2-11e8-a6a3-ec086b02610b.jpg,cat
59e91bad-23d2-11e8-a6a3-ec086b02610b.jpg,dog
588dbbf4-23d2-11e8-a6a3-ec086b02610b.jpg,dog
591809a3-23d2-11e8-a6a3-ec086b02610b.jpg,cat
59cf46e8-23d2-11e8-a6a3-ec086b02610b.jpg,bobcat
599be898-23d2-11e8-a6a3-ec086b02610b.jpg,coyote
5914f0fe-23d2-11e8-a6a3-ec086b02610b.jpg,opossum
598dea1e-23d2-11e8-a6a3-ec086b02610b.jpg,deer
596eefc9-23d2-11e8-a6a3-ec086b02610b.jpg,deer
5989444c-23d2-11e8-a6a3-ec086b02610b.jpg,empty
59830862-23d2-11e8-a6a3-ec086b02610b.jpg,deer
59dc26cb-23d2-11e8-a6a3-ec086b02610b.jpg,rabbit
5a2c86bb-23d2-11e8-a6a3-ec086b02610b.jpg,deer
588a6900-23d2-11e8-a6a3-ec086b02610b.jpg,dog
5971f83c-23d2-11e8-a6a3-ec086b02610b.jpg,bobcat
59b616e0-23d2-11e8-a6a3-ec086b02610b.jpg,rabbit
59849721-23d2-11e8-a6a3-ec086b02610b.jpg,opossum
589cb3bb-23d2-11e8-a6a3-ec086b02610b.jpg,cat
58a53138-23d2-11e8-a6a3-ec086b02610b.jpg,opossum
58d92f9c-23d2-11e8-a6a3-ec086b02610b.jpg,dog
5992934f-23d2-11e8-a6a3-ec086b02610b.jpg,raccoon
58782b5a-23d2-11e8-a6a3-ec086b02610b.jpg,rabbit
5a1979f6-23d2-11e8-a6a3-ec086b02610b.jpg,deer
599a5c55-23d2-11e8-a6a3-ec086b02610b.jpg,fox
5a1e5214-23d2-11e8-a6a3-ec086b02610b.jpg,coyote
59f5fd19-23d2-11e8-a6a3-ec086b02610b.jpg,bobcat
58b8201a-23d2-11e8-a6a3-ec086b02610b.jpg,coyote
59180895-23d2-11e8-a6a3-ec086b02610b.jpg,rabbit
589b01fe-23d2-11e8-a6a3-ec086b02610b.jpg,opossum
59c31b46-23d2-11e8-a6a3-ec086b02610b.jpg,opossum
5a130a75-23d2-11e8-a6a3-ec086b02610b.jpg,empty
591b25b9-23d2-11e8-a6a3-ec086b02610b.jpg,bobcat
58cca795-23d2-11e8-a6a3-ec086b02610b.jpg,dog
586e2ee2-23d2-11e8-a6a3-ec086b02610b.jpg,opossum
59167b39-23d2-11e8-a6a3-ec086b02610b.jpg,rabbit
58cca7a3-23d2-11e8-a6a3-ec086b02610b.jpg,coyote
5a163e9d-23d2-11e8-a6a3-ec086b02610b.jpg,coyote
5858c247-23d2-11e8-a6a3-ec086b02610b.jpg,cat
58d47c8e-23d2-11e8-a6a3-ec086b02610b.jpg,squirrel
5a0c9cc2-23d2-11e8-a6a3-ec086b02610b.jpg,rabbit
58bb8c19-23d2-11e8-a6a3-ec086b02610b.jpg,bobcat
5a0c9c14-23d2-11e8-a6a3-ec086b02610b.jpg,rodent
598495be-23d2-11e8-a6a3-ec086b02610b.jpg,deer
59ef8eb7-23d2-11e8-a6a3-ec086b02610b.jpg,squirrel
59aad993-23d2-11e8-a6a3-ec086b02610b.jpg,squirrel
5a1b1433-23d2-11e8-a6a3-ec086b02610b.jpg,empty
59641fc3-23d2-11e8-a6a3-ec086b02610b.jpg,bobcat
5906f2ce-23d2-11e8-a6a3-ec086b02610b.jpg,dog
598495e9-23d2-11e8-a6a3-ec086b02610b.jpg,deer
59adfb46-23d2-11e8-a6a3-ec086b02610b.jpg,rabbit
59e77bb3-23d2-11e8-a6a3-ec086b02610b.jpg,coyote
59c66afd-23d2-11e8-a6a3-ec086b02610b.jpg,bobcat
596eee7b-23d2-11e8-a6a3-ec086b02610b.jpg,cat
58f73e4f-23d2-11e8-a6a3-ec086b02610b.jpg,dog
590d2dec-23d2-11e8-a6a3-ec086b02610b.jpg,cat
587186c8-23d2-11e8-a6a3-ec086b02610b.jpg,bobcat
59ccd354-23d2-11e8-a6a3-ec086b02610b.jpg,empty
59e91c56-23d2-11e8-a6a3-ec086b02610b.jpg,rabbit
59c80403-23d2-11e8-a6a3-ec086b02610b.jpg,cat
58ede32f-23d2-11e8-a6a3-ec086b02610b.jpg,opossum
58d1615e-23d2-11e8-a6a3-ec086b02610b.jpg,rabbit
59e77da4-23d2-11e8-a6a3-ec086b02610b.jpg,coyote
58b82069-23d2-11e8-a6a3-ec086b02610b.jpg,opossum
59f2c526-23d2-11e8-a6a3-ec086b02610b.jpg,rabbit
58fa5d53-23d2-11e8-a6a3-ec086b02610b.jpg,empty
58cca5d1-23d2-11e8-a6a3-ec086b02610b.jpg,bobcat
58bea826-23d2-11e8-a6a3-ec086b02610b.jpg,empty
58767f5a-23d2-11e8-a6a3-ec086b02610b.jpg,empty
591fd2b9-23d2-11e8-a6a3-ec086b02610b.jpg,squirrel
5a0e3764-23d2-11e8-a6a3-ec086b02610b.jpg,opossum
5a1e532f-23d2-11e8-a6a3-ec086b02610b.jpg,rodent
59d0e4ef-23d2-11e8-a6a3-ec086b02610b.jpg,opossum
59c99dbb-23d2-11e8-a6a3-ec086b02610b.jpg,squirrel
599290d5-23d2-11e8-a6a3-ec086b02610b.jpg,opossum
59dc27b4-23d2-11e8-a6a3-ec086b02610b.jpg,empty
58ede445-23d2-11e8-a6a3-ec086b02610b.jpg,raccoon
585daa4d-23d2-11e8-a6a3-ec086b02610b.jpg,empty
58ec5679-23d2-11e8-a6a3-ec086b02610b.jpg,dog
5879d202-23d2-11e8-a6a3-ec086b02610b.jpg,squirrel
58f73ce3-23d2-11e8-a6a3-ec086b02610b.jpg,dog
59aadd08-23d2-11e8-a6a3-ec086b02610b.jpg,deer
58adc25e-23d2-11e8-a6a3-ec086b02610b.jpg,squirrel
58693650-23d2-11e8-a6a3-ec086b02610b.jpg,squirrel
5973873f-23d2-11e8-a6a3-ec086b02610b.jpg,deer
5991047d-23d2-11e8-a6a3-ec086b02610b.jpg,raccoon
5954a85e-23d2-11e8-a6a3-ec086b02610b.jpg,bobcat
58946252-23d2-11e8-a6a3-ec086b02610b.jpg,empty
593d6ab3-23d2-11e8-a6a3-ec086b02610b.jpg,cat
5a0969dc-23d2-11e8-a6a3-ec086b02610b.jpg,skunk
59292d3e-23d2-11e8-a6a3-ec086b02610b.jpg,coyote
58e9383e-23d2-11e8-a6a3-ec086b02610b.jpg,squirrel
59b12e92-23d2-11e8-a6a3-ec086b02610b.jpg,bobcat
5971fa4a-23d2-11e8-a6a3-ec086b02610b.jpg,rodent
5a0b000b-23d2-11e8-a6a3-ec086b02610b.jpg,opossum
5913672c-23d2-11e8-a6a3-ec086b02610b.jpg,dog
5956383a-23d2-11e8-a6a3-ec086b02610b.jpg,rodent
58ef6dfc-23d2-11e8-a6a3-ec086b02610b.jpg,cat
5a0e3660-23d2-11e8-a6a3-ec086b02610b.jpg,coyote
59531e06-23d2-11e8-a6a3-ec086b02610b.jpg,rabbit
594e788f-23d2-11e8-a6a3-ec086b02610b.jpg,rodent
599a5bf2-23d2-11e8-a6a3-ec086b02610b.jpg,rodent
5903cb7c-23d2-11e8-a6a3-ec086b02610b.jpg,empty
5a02fb51-23d2-11e8-a6a3-ec086b02610b.jpg,rabbit
59c66a23-23d2-11e8-a6a3-ec086b02610b.jpg,empty
58767f21-23d2-11e8-a6a3-ec086b02610b.jpg,skunk
5983097f-23d2-11e8-a6a3-ec086b02610b.jpg,rabbit
589e66c0-23d2-11e8-a6a3-ec086b02610b.jpg,dog
599105b5-23d2-11e8-a6a3-ec086b02610b.jpg,deer
59e91894-23d2-11e8-a6a3-ec086b02610b.jpg,squirrel
597386c3-23d2-11e8-a6a3-ec086b02610b.jpg,squirrel
59adfd9f-23d2-11e8-a6a3-ec086b02610b.jpg,squirrel
59cb374a-23d2-11e8-a6a3-ec086b02610b.jpg,opossum
59973dfa-23d2-11e8-a6a3-ec086b02610b.jpg,skunk
59d5b568-23d2-11e8-a6a3-ec086b02610b.jpg,bobcat
58b666fe-23d2-11e8-a6a3-ec086b02610b.jpg,dog
58b2ee97-23d2-11e8-a6a3-ec086b02610b.jpg,squirrel
5879d246-23d2-11e8-a6a3-ec086b02610b.jpg,coyote
5883eabb-23d2-11e8-a6a3-ec086b02610b.jpg,bobcat
59f12a5b-23d2-11e8-a6a3-ec086b02610b.jpg,rabbit
59fae543-23d2-11e8-a6a3-ec086b02610b.jpg,deer
595ded25-23d2-11e8-a6a3-ec086b02610b.jpg,rabbit
59e77d50-23d2-11e8-a6a3-ec086b02610b.jpg,cat
58a6e79f-23d2-11e8-a6a3-ec086b02610b.jpg,raccoon
59d4192c-23d2-11e8-a6a3-ec086b02610b.jpg,deer
58d2e9e8-23d2-11e8-a6a3-ec086b02610b.jpg,empty
58ff0d71-23d2-11e8-a6a3-ec086b02610b.jpg,opossum
59e10348-23d2-11e8-a6a3-ec086b02610b.jpg,rabbit
5a197c8d-23d2-11e8-a6a3-ec086b02610b.jpg,raccoon
59216472-23d2-11e8-a6a3-ec086b02610b.jpg,squirrel
588dbae3-23d2-11e8-a6a3-ec086b02610b.jpg,bobcat
59b2eae6-23d2-11e8-a6a3-ec086b02610b.jpg,empty
5968c292-23d2-11e8-a6a3-ec086b02610b.jpg,opossum
5a17defc-23d2-11e8-a6a3-ec086b02610b.jpg,deer
59f463b2-23d2-11e8-a6a3-ec086b02610b.jpg,coyote
5a2e144e-23d2-11e8-a6a3-ec086b02610b.jpg,deer
5883ea80-23d2-11e8-a6a3-ec086b02610b.jpg,squirrel
59d8eb9b-23d2-11e8-a6a3-ec086b02610b.jpg,rabbit
59c66a54-23d2-11e8-a6a3-ec086b02610b.jpg,empty
58ddd6ee-23d2-11e8-a6a3-ec086b02610b.jpg,empty
5a2af36a-23d2-11e8-a6a3-ec086b02610b.jpg,dog
596a4c53-23d2-11e8-a6a3-ec086b02610b.jpg,rabbit
590ebd4d-23d2-11e8-a6a3-ec086b02610b.jpg,rabbit
5976a43c-23d2-11e8-a6a3-ec086b02610b.jpg,deer
599beaa0-23d2-11e8-a6a3-ec086b02610b.jpg,deer
5903cc57-23d2-11e8-a6a3-ec086b02610b.jpg,raccoon
58b66405-23d2-11e8-a6a3-ec086b02610b.jpg,empty
59cf45d1-23d2-11e8-a6a3-ec086b02610b.jpg,deer
59c6690f-23d2-11e8-a6a3-ec086b02610b.jpg,coyote
599be77d-23d2-11e8-a6a3-ec086b02610b.jpg,rabbit
5a0c9c5d-23d2-11e8-a6a3-ec086b02610b.jpg,rabbit
5a1e5133-23d2-11e8-a6a3-ec086b02610b.jpg,fox
59d0e441-23d2-11e8-a6a3-ec086b02610b.jpg,bobcat
59673459-23d2-11e8-a6a3-ec086b02610b.jpg,rabbit
5976a425-23d2-11e8-a6a3-ec086b02610b.jpg,coyote
5965aaba-23d2-11e8-a6a3-ec086b02610b.jpg,empty
58910e4c-23d2-11e8-a6a3-ec086b02610b.jpg,raccoon
59cf474c-23d2-11e8-a6a3-ec086b02610b.jpg,coyote
598acdd2-23d2-11e8-a6a3-ec086b02610b.jpg,cat
5a0fcfc9-23d2-11e8-a6a3-ec086b02610b.jpg,coyote
59199965-23d2-11e8-a6a3-ec086b02610b.jpg,skunk
59bac847-23d2-11e8-a6a3-ec086b02610b.jpg,cat
5903caac-23d2-11e8-a6a3-ec086b02610b.jpg,rabbit
59e2a2ed-23d2-11e8-a6a3-ec086b02610b.jpg,bobcat
5888bd61-23d2-11e8-a6a3-ec086b02610b.jpg,squirrel
59ccd033-23d2-11e8-a6a3-ec086b02610b.jpg,rodent
5a2af5b1-23d2-11e8-a6a3-ec086b02610b.jpg,coyote
5a230feb-23d2-11e8-a6a3-ec086b02610b.jpg,dog
596d656d-23d2-11e8-a6a3-ec086b02610b.jpg,squirrel
59484455-23d2-11e8-a6a3-ec086b02610b.jpg,raccoon
596a4edb-23d2-11e8-a6a3-ec086b02610b.jpg,raccoon
59fae4f2-23d2-11e8-a6a3-ec086b02610b.jpg,fox
59d5b67c-23d2-11e8-a6a3-ec086b02610b.jpg,coyote
59a179a8-23d2-11e8-a6a3-ec086b02610b.jpg,rabbit
59b616f6-23d2-11e8-a6a3-ec086b02610b.jpg,cat
58a6e804-23d2-11e8-a6a3-ec086b02610b.jpg,rabbit
59edf104-23d2-11e8-a6a3-ec086b02610b.jpg,deer
59edf05d-23d2-11e8-a6a3-ec086b02610b.jpg,empty
599d7ebe-23d2-11e8-a6a3-ec086b02610b.jpg,deer
5a2638d7-23d2-11e8-a6a3-ec086b02610b.jpg,rabbit
58a8a079-23d2-11e8-a6a3-ec086b02610b.jpg,dog
598ad075-23d2-11e8-a6a3-ec086b02610b.jpg,deer
591809bc-23d2-11e8-a6a3-ec086b02610b.jpg,empty
598494fc-23d2-11e8-a6a3-ec086b02610b.jpg,cat
596bd855-23d2-11e8-a6a3-ec086b02610b.jpg,squirrel
59a17a15-23d2-11e8-a6a3-ec086b02610b.jpg,opossum
59c99c38-23d2-11e8-a6a3-ec086b02610b.jpg,deer
59ec5540-23d2-11e8-a6a3-ec086b02610b.jpg,deer
5995ac91-23d2-11e8-a6a3-ec086b02610b.jpg,raccoon
59e5e1b7-23d2-11e8-a6a3-ec086b02610b.jpg,opossum
59fc7e62-23d2-11e8-a6a3-ec086b02610b.jpg,empty
5a1640e8-23d2-11e8-a6a3-ec086b02610b.jpg,cat
588f687e-23d2-11e8-a6a3-ec086b02610b.jpg,empty
5897afc7-23d2-11e8-a6a3-ec086b02610b.jpg,opossum
59420f0f-23d2-11e8-a6a3-ec086b02610b.jpg,cat
59738685-23d2-11e8-a6a3-ec086b02610b.jpg,rabbit
58ede10b-23d2-11e8-a6a3-ec086b02610b.jpg,coyote
5a1fe8c6-23d2-11e8-a6a3-ec086b02610b.jpg,coyote
59b13135-23d2-11e8-a6a3-ec086b02610b.jpg,empty
590a1135-23d2-11e8-a6a3-ec086b02610b.jpg,raccoon
5892b409-23d2-11e8-a6a3-ec086b02610b.jpg,cat
58732e6a-23d2-11e8-a6a3-ec086b02610b.jpg,rabbit
5906f0cc-23d2-11e8-a6a3-ec086b02610b.jpg,rabbit
599fbe6d-23d2-11e8-a6a3-ec086b02610b.jpg,coyote
5a04932c-23d2-11e8-a6a3-ec086b02610b.jpg,bobcat
5a0fd1b6-23d2-11e8-a6a3-ec086b02610b.jpg,dog
58ddd85c-23d2-11e8-a6a3-ec086b02610b.jpg,empty
58c03558-23d2-11e8-a6a3-ec086b02610b.jpg,empty
5874d72f-23d2-11e8-a6a3-ec086b02610b.jpg,squirrel
58ef7028-23d2-11e8-a6a3-ec086b02610b.jpg,bobcat
597cd6f4-23d2-11e8-a6a3-ec086b02610b.jpg,cat
59b1301e-23d2-11e8-a6a3-ec086b02610b.jpg,dog
58c1c2c6-23d2-11e8-a6a3-ec086b02610b.jpg,rabbit
5a07cd6e-23d2-11e8-a6a3-ec086b02610b.jpg,bobcat
594ced61-23d2-11e8-a6a3-ec086b02610b.jpg,fox
59bacaaf-23d2-11e8-a6a3-ec086b02610b.jpg,rabbit
59c4c16e-23d2-11e8-a6a3-ec086b02610b.jpg,rodent
58a6e9a5-23d2-11e8-a6a3-ec086b02610b.jpg,raccoon
59adfc81-23d2-11e8-a6a3-ec086b02610b.jpg,rodent
59b937a1-23d2-11e8-a6a3-ec086b02610b.jpg,bobcat
59d5b858-23d2-11e8-a6a3-ec086b02610b.jpg,skunk
59341b29-23d2-11e8-a6a3-ec086b02610b.jpg,cat
59f12a81-23d2-11e8-a6a3-ec086b02610b.jpg,opossum
5a116bf7-23d2-11e8-a6a3-ec086b02610b.jpg,cat
59be3f94-23d2-11e8-a6a3-ec086b02610b.jpg,coyote
59bacafd-23d2-11e8-a6a3-ec086b02610b.jpg,coyote
58d92ec8-23d2-11e8-a6a3-ec086b02610b.jpg,cat
59f12ba2-23d2-11e8-a6a3-ec086b02610b.jpg,fox
5967372a-23d2-11e8-a6a3-ec086b02610b.jpg,dog
58782928-23d2-11e8-a6a3-ec086b02610b.jpg,squirrel
58fa5cc5-23d2-11e8-a6a3-ec086b02610b.jpg,opossum
588dbb24-23d2-11e8-a6a3-ec086b02610b.jpg,empty
59b2e8fe-23d2-11e8-a6a3-ec086b02610b.jpg,coyote
586adfa6-23d2-11e8-a6a3-ec086b02610b.jpg,squirrel
59d27c7d-23d2-11e8-a6a3-ec086b02610b.jpg,empty
59a30a54-23d2-11e8-a6a3-ec086b02610b.jpg,coyote
5a1caef0-23d2-11e8-a6a3-ec086b02610b.jpg,coyote
596736a1-23d2-11e8-a6a3-ec086b02610b.jpg,fox
5a21778b-23d2-11e8-a6a3-ec086b02610b.jpg,deer
598f758c-23d2-11e8-a6a3-ec086b02610b.jpg,deer
592f6f80-23d2-11e8-a6a3-ec086b02610b.jpg,empty
59a17a8d-23d2-11e8-a6a3-ec086b02610b.jpg,deer
59f46383-23d2-11e8-a6a3-ec086b02610b.jpg,bobcat
5a230ec2-23d2-11e8-a6a3-ec086b02610b.jpg,squirrel
59420fdc-23d2-11e8-a6a3-ec086b02610b.jpg,bobcat
58b821c5-23d2-11e8-a6a3-ec086b02610b.jpg,bobcat
599292d5-23d2-11e8-a6a3-ec086b02610b.jpg,deer
59fc7f93-23d2-11e8-a6a3-ec086b02610b.jpg,deer
58cb133b-23d2-11e8-a6a3-ec086b02610b.jpg,raccoon
59f5fc9d-23d2-11e8-a6a3-ec086b02610b.jpg,squirrel
59ddc355-23d2-11e8-a6a3-ec086b02610b.jpg,fox
598de936-23d2-11e8-a6a3-ec086b02610b.jpg,bobcat
5879d4ad-23d2-11e8-a6a3-ec086b02610b.jpg,empty
5a231265-23d2-11e8-a6a3-ec086b02610b.jpg,deer
58823bff-23d2-11e8-a6a3-ec086b02610b.jpg,raccoon
59c4bfdf-23d2-11e8-a6a3-ec086b02610b.jpg,deer
592abe61-23d2-11e8-a6a3-ec086b02610b.jpg,opossum
58c0356f-23d2-11e8-a6a3-ec086b02610b.jpg,raccoon
58eaca5f-23d2-11e8-a6a3-ec086b02610b.jpg,raccoon
59973db3-23d2-11e8-a6a3-ec086b02610b.jpg,cat
59783100-23d2-11e8-a6a3-ec086b02610b.jpg,cat
58718652-23d2-11e8-a6a3-ec086b02610b.jpg,squirrel
59862608-23d2-11e8-a6a3-ec086b02610b.jpg,rodent
58c1c3e9-23d2-11e8-a6a3-ec086b02610b.jpg,squirrel
5858c2cc-23d2-11e8-a6a3-ec086b02610b.jpg,squirrel
5a130826-23d2-11e8-a6a3-ec086b02610b.jpg,opossum
59f2c4bf-23d2-11e8-a6a3-ec086b02610b.jpg,opossum
5a049623-23d2-11e8-a6a3-ec086b02610b.jpg,rabbit
5a1e5330-23d2-11e8-a6a3-ec086b02610b.jpg,deer
58e281fb-23d2-11e8-a6a3-ec086b02610b.jpg,empty
59942014-23d2-11e8-a6a3-ec086b02610b.jpg,fox
59f79bcf-23d2-11e8-a6a3-ec086b02610b.jpg,opossum
5a217647-23d2-11e8-a6a3-ec086b02610b.jpg,coyote
599a5c60-23d2-11e8-a6a3-ec086b02610b.jpg,deer
5930ff81-23d2-11e8-a6a3-ec086b02610b.jpg,raccoon
591678a7-23d2-11e8-a6a3-ec086b02610b.jpg,coyote
5a1b169d-23d2-11e8-a6a3-ec086b02610b.jpg,squirrel
59b2eb74-23d2-11e8-a6a3-ec086b02610b.jpg,coyote
58fd7b31-23d2-11e8-a6a3-ec086b02610b.jpg,bobcat
58b4aa37-23d2-11e8-a6a3-ec086b02610b.jpg,opossum
59ddc280-23d2-11e8-a6a3-ec086b02610b.jpg,bobcat
59ef8d20-23d2-11e8-a6a3-ec086b02610b.jpg,coyote
58f73cb3-23d2-11e8-a6a3-ec086b02610b.jpg,skunk
5a27dac1-23d2-11e8-a6a3-ec086b02610b.jpg,bobcat
587184c0-23d2-11e8-a6a3-ec086b02610b.jpg,dog
589b044a-23d2-11e8-a6a3-ec086b02610b.jpg,empty
59d8eb07-23d2-11e8-a6a3-ec086b02610b.jpg,empty
5a1b1529-23d2-11e8-a6a3-ec086b02610b.jpg,rabbit
5995ac63-23d2-11e8-a6a3-ec086b02610b.jpg,opossum
5a04939d-23d2-11e8-a6a3-ec086b02610b.jpg,deer
59817aa9-23d2-11e8-a6a3-ec086b02610b.jpg,rodent
5a24a6da-23d2-11e8-a6a3-ec086b02610b.jpg,deer
59e77dff-23d2-11e8-a6a3-ec086b02610b.jpg,coyote
59e5e18a-23d2-11e8-a6a3-ec086b02610b.jpg,raccoon
5a1b1679-23d2-11e8-a6a3-ec086b02610b.jpg,raccoon
593a4eee-23d2-11e8-a6a3-ec086b02610b.jpg,empty
59a94c22-23d2-11e8-a6a3-ec086b02610b.jpg,dog
599bea48-23d2-11e8-a6a3-ec086b02610b.jpg,rabbit
594846e8-23d2-11e8-a6a3-ec086b02610b.jpg,opossum
598acef0-23d2-11e8-a6a3-ec086b02610b.jpg,empty
58d6122f-23d2-11e8-a6a3-ec086b02610b.jpg,raccoon
59830718-23d2-11e8-a6a3-ec086b02610b.jpg,deer
59b48365-23d2-11e8-a6a3-ec086b02610b.jpg,coyote
58c97d5e-23d2-11e8-a6a3-ec086b02610b.jpg,bobcat
58ce3ea9-23d2-11e8-a6a3-ec086b02610b.jpg,opossum
59ef8efc-23d2-11e8-a6a3-ec086b02610b.jpg,deer
58f10948-23d2-11e8-a6a3-ec086b02610b.jpg,dog
59279b59-23d2-11e8-a6a3-ec086b02610b.jpg,rabbit
58f29665-23d2-11e8-a6a3-ec086b02610b.jpg,opossum
5949d029-23d2-11e8-a6a3-ec086b02610b.jpg,raccoon
5a2637ae-23d2-11e8-a6a3-ec086b02610b.jpg,raccoon
5a17dfa0-23d2-11e8-a6a3-ec086b02610b.jpg,empty
592f7116-23d2-11e8-a6a3-ec086b02610b.jpg,cat
5989452b-23d2-11e8-a6a3-ec086b02610b.jpg,rabbit
58eacb0c-23d2-11e8-a6a3-ec086b02610b.jpg,bobcat
596bd7d3-23d2-11e8-a6a3-ec086b02610b.jpg,empty
5a0fd153-23d2-11e8-a6a3-ec086b02610b.jpg,squirrel
5a1caf8a-23d2-11e8-a6a3-ec086b02610b.jpg,empty
59dc2618-23d2-11e8-a6a3-ec086b02610b.jpg,rabbit
5a2e13e1-23d2-11e8-a6a3-ec086b02610b.jpg,bobcat
5a096929-23d2-11e8-a6a3-ec086b02610b.jpg,rodent
59a30aa1-23d2-11e8-a6a3-ec086b02610b.jpg,coyote
59e91b96-23d2-11e8-a6a3-ec086b02610b.jpg,raccoon
585a62a6-23d2-11e8-a6a3-ec086b02610b.jpg,dog
58782bd3-23d2-11e8-a6a3-ec086b02610b.jpg,rabbit
5a1fe69d-23d2-11e8-a6a3-ec086b02610b.jpg,bobcat
5896094a-23d2-11e8-a6a3-ec086b02610b.jpg,rabbit
585f4d83-23d2-11e8-a6a3-ec086b02610b.jpg,empty
5965aa06-23d2-11e8-a6a3-ec086b02610b.jpg,deer
58fa6019-23d2-11e8-a6a3-ec086b02610b.jpg,coyote
5a0e374f-23d2-11e8-a6a3-ec086b02610b.jpg,rodent
59f5feac-23d2-11e8-a6a3-ec086b02610b.jpg,cat
59c17ab6-23d2-11e8-a6a3-ec086b02610b.jpg,cat
59a49cc6-23d2-11e8-a6a3-ec086b02610b.jpg,deer
59c99c6f-23d2-11e8-a6a3-ec086b02610b.jpg,coyote
59eab6f8-23d2-11e8-a6a3-ec086b02610b.jpg,raccoon
590a1155-23d2-11e8-a6a3-ec086b02610b.jpg,empty
597fed8f-23d2-11e8-a6a3-ec086b02610b.jpg,bobcat
59ffba99-23d2-11e8-a6a3-ec086b02610b.jpg,squirrel
59a94c3f-23d2-11e8-a6a3-ec086b02610b.jpg,skunk
5994205a-23d2-11e8-a6a3-ec086b02610b.jpg,rabbit
59519130-23d2-11e8-a6a3-ec086b02610b.jpg,rodent
58a8a0d3-23d2-11e8-a6a3-ec086b02610b.jpg,squirrel
5a217777-23d2-11e8-a6a3-ec086b02610b.jpg,empty
593ef4b3-23d2-11e8-a6a3-ec086b02610b.jpg,squirrel
59d8ed93-23d2-11e8-a6a3-ec086b02610b.jpg,empty
591b2277-23d2-11e8-a6a3-ec086b02610b.jpg,rabbit
5957c1d1-23d2-11e8-a6a3-ec086b02610b.jpg,deer
59ffbc6f-23d2-11e8-a6a3-ec086b02610b.jpg,empty
59bfde56-23d2-11e8-a6a3-ec086b02610b.jpg,rabbit
597fefb5-23d2-11e8-a6a3-ec086b02610b.jpg,dog
5a116d16-23d2-11e8-a6a3-ec086b02610b.jpg,coyote
598308fa-23d2-11e8-a6a3-ec086b02610b.jpg,opossum
59910545-23d2-11e8-a6a3-ec086b02610b.jpg,coyote
590234d5-23d2-11e8-a6a3-ec086b02610b.jpg,squirrel
593d699f-23d2-11e8-a6a3-ec086b02610b.jpg,raccoon
59ef8c65-23d2-11e8-a6a3-ec086b02610b.jpg,deer
599a59dc-23d2-11e8-a6a3-ec086b02610b.jpg,deer
5a07cb99-23d2-11e8-a6a3-ec086b02610b.jpg,rabbit
59a49995-23d2-11e8-a6a3-ec086b02610b.jpg,deer
5983069a-23d2-11e8-a6a3-ec086b02610b.jpg,cat
59cf454f-23d2-11e8-a6a3-ec086b02610b.jpg,skunk
59aad9e3-23d2-11e8-a6a3-ec086b02610b.jpg,cat
5a096c7e-23d2-11e8-a6a3-ec086b02610b.jpg,dog
59b93916-23d2-11e8-a6a3-ec086b02610b.jpg,opossum
58b9d703-23d2-11e8-a6a3-ec086b02610b.jpg,rabbit
597e630d-23d2-11e8-a6a3-ec086b02610b.jpg,deer
59910512-23d2-11e8-a6a3-ec086b02610b.jpg,rabbit
587b7dfa-23d2-11e8-a6a3-ec086b02610b.jpg,rabbit
59c80529-23d2-11e8-a6a3-ec086b02610b.jpg,coyote
5a0c9b28-23d2-11e8-a6a3-ec086b02610b.jpg,bobcat
5971fa6f-23d2-11e8-a6a3-ec086b02610b.jpg,opossum
592c4e9f-23d2-11e8-a6a3-ec086b02610b.jpg,squirrel
59087e60-23d2-11e8-a6a3-ec086b02610b.jpg,bobcat
58995b99-23d2-11e8-a6a3-ec086b02610b.jpg,empty
59fc7ef9-23d2-11e8-a6a3-ec086b02610b.jpg,coyote
591cb175-23d2-11e8-a6a3-ec086b02610b.jpg,cat
59f5fcf9-23d2-11e8-a6a3-ec086b02610b.jpg,squirrel
587b7f9e-23d2-11e8-a6a3-ec086b02610b.jpg,raccoon
58768090-23d2-11e8-a6a3-ec086b02610b.jpg,squirrel
59eaba08-23d2-11e8-a6a3-ec086b02610b.jpg,rabbit
599293c0-23d2-11e8-a6a3-ec086b02610b.jpg,squirrel
590234e8-23d2-11e8-a6a3-ec086b02610b.jpg,raccoon
599fc070-23d2-11e8-a6a3-ec086b02610b.jpg,coyote
58b2eeb2-23d2-11e8-a6a3-ec086b02610b.jpg,rabbit
59f462aa-23d2-11e8-a6a3-ec086b02610b.jpg,bobcat
59e43f92-23d2-11e8-a6a3-ec086b02610b.jpg,raccoon
592930c4-23d2-11e8-a6a3-ec086b02610b.jpg,rabbit
593d6ad5-23d2-11e8-a6a3-ec086b02610b.jpg,empty
591807e2-23d2-11e8-a6a3-ec086b02610b.jpg,dog
58d2ebc6-23d2-11e8-a6a3-ec086b02610b.jpg,dog
594b5d85-23d2-11e8-a6a3-ec086b02610b.jpg,empty
590a101c-23d2-11e8-a6a3-ec086b02610b.jpg,bobcat
58fa5ca8-23d2-11e8-a6a3-ec086b02610b.jpg,dog
5967372d-23d2-11e8-a6a3-ec086b02610b.jpg,raccoon
594ced35-23d2-11e8-a6a3-ec086b02610b.jpg,rodent
59929233-23d2-11e8-a6a3-ec086b02610b.jpg,opossum
599a5c62-23d2-11e8-a6a3-ec086b02610b.jpg,bobcat
596d646a-23d2-11e8-a6a3-ec086b02610b.jpg,squirrel
597831b6-23d2-11e8-a6a3-ec086b02610b.jpg,raccoon
58c7f1f2-23d2-11e8-a6a3-ec086b02610b.jpg,coyote
599d7b0a-23d2-11e8-a6a3-ec086b02610b.jpg,deer
591997c0-23d2-11e8-a6a3-ec086b02610b.jpg,raccoon
59e91c6b-23d2-11e8-a6a3-ec086b02610b.jpg,squirrel
59610667-23d2-11e8-a6a3-ec086b02610b.jpg,rodent
58b9d87c-23d2-11e8-a6a3-ec086b02610b.jpg,rabbit
59420fac-23d2-11e8-a6a3-ec086b02610b.jpg,opossum
5976a3be-23d2-11e8-a6a3-ec086b02610b.jpg,fox
591fd2f2-23d2-11e8-a6a3-ec086b02610b.jpg,coyote
58f8cd8f-23d2-11e8-a6a3-ec086b02610b.jpg,squirrel
5a0c9e01-23d2-11e8-a6a3-ec086b02610b.jpg,bobcat
5a07ce2d-23d2-11e8-a6a3-ec086b02610b.jpg,rabbit
58bea6d7-23d2-11e8-a6a3-ec086b02610b.jpg,rabbit
58cb1419-23d2-11e8-a6a3-ec086b02610b.jpg,bobcat
59023645-23d2-11e8-a6a3-ec086b02610b.jpg,squirrel
5981797e-23d2-11e8-a6a3-ec086b02610b.jpg,squirrel
5a1cb0ba-23d2-11e8-a6a3-ec086b02610b.jpg,dog
59bca3ba-23d2-11e8-a6a3-ec086b02610b.jpg,opossum
598acd94-23d2-11e8-a6a3-ec086b02610b.jpg,opossum
58e0f52e-23d2-11e8-a6a3-ec086b02610b.jpg,opossum
5a0b00f6-23d2-11e8-a6a3-ec086b02610b.jpg,empty
59452d25-23d2-11e8-a6a3-ec086b02610b.jpg,cat
5979bd5c-23d2-11e8-a6a3-ec086b02610b.jpg,empty
596106b8-23d2-11e8-a6a3-ec086b02610b.jpg,rodent
59849770-23d2-11e8-a6a3-ec086b02610b.jpg,rodent
5a02fc51-23d2-11e8-a6a3-ec086b02610b.jpg,cat
589b0424-23d2-11e8-a6a3-ec086b02610b.jpg,empty
58e40d0c-23d2-11e8-a6a3-ec086b02610b.jpg,raccoon
58ede29b-23d2-11e8-a6a3-ec086b02610b.jpg,rabbit
59aada59-23d2-11e8-a6a3-ec086b02610b.jpg,cat
59d27ea8-23d2-11e8-a6a3-ec086b02610b.jpg,squirrel
59941de8-23d2-11e8-a6a3-ec086b02610b.jpg,empty
59973cba-23d2-11e8-a6a3-ec086b02610b.jpg,bobcat
5a0b0347-23d2-11e8-a6a3-ec086b02610b.jpg,raccoon
5931012d-23d2-11e8-a6a3-ec086b02610b.jpg,raccoon
58b821c8-23d2-11e8-a6a3-ec086b02610b.jpg,cat
59f947d3-23d2-11e8-a6a3-ec086b02610b.jpg,rodent
59b2eb80-23d2-11e8-a6a3-ec086b02610b.jpg,cat
58bb8993-23d2-11e8-a6a3-ec086b02610b.jpg,bobcat
59eab8bc-23d2-11e8-a6a3-ec086b02610b.jpg,bobcat
59af9780-23d2-11e8-a6a3-ec086b02610b.jpg,raccoon
59563863-23d2-11e8-a6a3-ec086b02610b.jpg,deer
596d6470-23d2-11e8-a6a3-ec086b02610b.jpg,squirrel
5995ad1b-23d2-11e8-a6a3-ec086b02610b.jpg,squirrel
58c1c07d-23d2-11e8-a6a3-ec086b02610b.jpg,dog
59ec54ff-23d2-11e8-a6a3-ec086b02610b.jpg,coyote
59a30cc8-23d2-11e8-a6a3-ec086b02610b.jpg,deer
59929082-23d2-11e8-a6a3-ec086b02610b.jpg,empty
599fc09b-23d2-11e8-a6a3-ec086b02610b.jpg,empty
59a62990-23d2-11e8-a6a3-ec086b02610b.jpg,deer
58f73f0b-23d2-11e8-a6a3-ec086b02610b.jpg,skunk
59fe21e2-23d2-11e8-a6a3-ec086b02610b.jpg,squirrel
594084e3-23d2-11e8-a6a3-ec086b02610b.jpg,dog
59cb3902-23d2-11e8-a6a3-ec086b02610b.jpg,deer
59cb391b-23d2-11e8-a6a3-ec086b02610b.jpg,fox
59e10580-23d2-11e8-a6a3-ec086b02610b.jpg,coyote
5a0e37ea-23d2-11e8-a6a3-ec086b02610b.jpg,bobcat
599d7bc4-23d2-11e8-a6a3-ec086b02610b.jpg,cat
58cca694-23d2-11e8-a6a3-ec086b02610b.jpg,opossum
5900a1d3-23d2-11e8-a6a3-ec086b02610b.jpg,empty
599a5b23-23d2-11e8-a6a3-ec086b02610b.jpg,coyote
59e5e1e6-23d2-11e8-a6a3-ec086b02610b.jpg,empty
59edef46-23d2-11e8-a6a3-ec086b02610b.jpg,deer
5979be15-23d2-11e8-a6a3-ec086b02610b.jpg,rabbit
59e5e006-23d2-11e8-a6a3-ec086b02610b.jpg,opossum
59b12fad-23d2-11e8-a6a3-ec086b02610b.jpg,rabbit
594e76d7-23d2-11e8-a6a3-ec086b02610b.jpg,rodent
59bfdf6a-23d2-11e8-a6a3-ec086b02610b.jpg,opossum
59f12934-23d2-11e8-a6a3-ec086b02610b.jpg,raccoon
59dc253c-23d2-11e8-a6a3-ec086b02610b.jpg,coyote
5a263af6-23d2-11e8-a6a3-ec086b02610b.jpg,opossum
596a4f11-23d2-11e8-a6a3-ec086b02610b.jpg,deer
58fbecdc-23d2-11e8-a6a3-ec086b02610b.jpg,empty
58910db7-23d2-11e8-a6a3-ec086b02610b.jpg,squirrel
5a02f94d-23d2-11e8-a6a3-ec086b02610b.jpg,raccoon
5a0fd1a5-23d2-11e8-a6a3-ec086b02610b.jpg,coyote
5a0fcf7a-23d2-11e8-a6a3-ec086b02610b.jpg,raccoon
58e59799-23d2-11e8-a6a3-ec086b02610b.jpg,cat
596eedcc-23d2-11e8-a6a3-ec086b02610b.jpg,skunk
58a6e831-23d2-11e8-a6a3-ec086b02610b.jpg,empty
59df5bdd-23d2-11e8-a6a3-ec086b02610b.jpg,rabbit
5984968d-23d2-11e8-a6a3-ec086b02610b.jpg,deer
5a1fe720-23d2-11e8-a6a3-ec086b02610b.jpg,coyote
59f12a2e-23d2-11e8-a6a3-ec086b02610b.jpg,rodent
5a263925-23d2-11e8-a6a3-ec086b02610b.jpg,deer
5989441a-23d2-11e8-a6a3-ec086b02610b.jpg,raccoon
596bd84c-23d2-11e8-a6a3-ec086b02610b.jpg,cat
59973f9a-23d2-11e8-a6a3-ec086b02610b.jpg,bobcat
59af9606-23d2-11e8-a6a3-ec086b02610b.jpg,deer
59f2c3e0-23d2-11e8-a6a3-ec086b02610b.jpg,bobcat
59673738-23d2-11e8-a6a3-ec086b02610b.jpg,bobcat
594b5c8e-23d2-11e8-a6a3-ec086b02610b.jpg,rabbit
59a94d3f-23d2-11e8-a6a3-ec086b02610b.jpg,deer
5a296524-23d2-11e8-a6a3-ec086b02610b.jpg,coyote
5937347a-23d2-11e8-a6a3-ec086b02610b.jpg,cat
58e7231a-23d2-11e8-a6a3-ec086b02610b.jpg,rabbit
5a130ac4-23d2-11e8-a6a3-ec086b02610b.jpg,dog
59b937ae-23d2-11e8-a6a3-ec086b02610b.jpg,fox
595c6a07-23d2-11e8-a6a3-ec086b02610b.jpg,empty
58b8218a-23d2-11e8-a6a3-ec086b02610b.jpg,cat
597feff4-23d2-11e8-a6a3-ec086b02610b.jpg,rabbit
598c5a95-23d2-11e8-a6a3-ec086b02610b.jpg,opossum
5a062f33-23d2-11e8-a6a3-ec086b02610b.jpg,deer
59fc7d05-23d2-11e8-a6a3-ec086b02610b.jpg,opossum
58b66631-23d2-11e8-a6a3-ec086b02610b.jpg,empty
5998cc17-23d2-11e8-a6a3-ec086b02610b.jpg,empty
5a0969f9-23d2-11e8-a6a3-ec086b02610b.jpg,coyote
589e662f-23d2-11e8-a6a3-ec086b02610b.jpg,opossum
5a2e1376-23d2-11e8-a6a3-ec086b02610b.jpg,bobcat
58adc4b8-23d2-11e8-a6a3-ec086b02610b.jpg,squirrel
59cf4597-23d2-11e8-a6a3-ec086b02610b.jpg,deer
58dabfdf-23d2-11e8-a6a3-ec086b02610b.jpg,bobcat
5a096945-23d2-11e8-a6a3-ec086b02610b.jpg,squirrel
5946b76a-23d2-11e8-a6a3-ec086b02610b.jpg,rabbit
5968c1ad-23d2-11e8-a6a3-ec086b02610b.jpg,cat
59df5baa-23d2-11e8-a6a3-ec086b02610b.jpg,bobcat
58d15ede-23d2-11e8-a6a3-ec086b02610b.jpg,opossum
59f7986f-23d2-11e8-a6a3-ec086b02610b.jpg,bobcat
59b61620-23d2-11e8-a6a3-ec086b02610b.jpg,deer
59ddc0ea-23d2-11e8-a6a3-ec086b02610b.jpg,rodent
59c1780e-23d2-11e8-a6a3-ec086b02610b.jpg,raccoon
5979bd57-23d2-11e8-a6a3-ec086b02610b.jpg,squirrel
58eac975-23d2-11e8-a6a3-ec086b02610b.jpg,cat
59817d09-23d2-11e8-a6a3-ec086b02610b.jpg,rodent
58bb8c35-23d2-11e8-a6a3-ec086b02610b.jpg,opossum
598de954-23d2-11e8-a6a3-ec086b02610b.jpg,dog
59e91a62-23d2-11e8-a6a3-ec086b02610b.jpg,bobcat
59dc2716-23d2-11e8-a6a3-ec086b02610b.jpg,coyote
590236e4-23d2-11e8-a6a3-ec086b02610b.jpg,opossum
58cfc975-23d2-11e8-a6a3-ec086b02610b.jpg,squirrel
58ff0cd8-23d2-11e8-a6a3-ec086b02610b.jpg,cat
59f2c4ca-23d2-11e8-a6a3-ec086b02610b.jpg,squirrel
595f78bc-23d2-11e8-a6a3-ec086b02610b.jpg,empty
59ccd237-23d2-11e8-a6a3-ec086b02610b.jpg,opossum
5987b583-23d2-11e8-a6a3-ec086b02610b.jpg,rodent
58d931d6-23d2-11e8-a6a3-ec086b02610b.jpg,dog
590ebda0-23d2-11e8-a6a3-ec086b02610b.jpg,coyote
5954ab17-23d2-11e8-a6a3-ec086b02610b.jpg,dog
5874d694-23d2-11e8-a6a3-ec086b02610b.jpg,dog
58df6989-23d2-11e8-a6a3-ec086b02610b.jpg,cat
588dbc85-23d2-11e8-a6a3-ec086b02610b.jpg,dog
59a30b85-23d2-11e8-a6a3-ec086b02610b.jpg,opossum
59292e83-23d2-11e8-a6a3-ec086b02610b.jpg,squirrel
597b4a9f-23d2-11e8-a6a3-ec086b02610b.jpg,opossum
59fe21cf-23d2-11e8-a6a3-ec086b02610b.jpg,bobcat
5965aaf6-23d2-11e8-a6a3-ec086b02610b.jpg,coyote
598de99b-23d2-11e8-a6a3-ec086b02610b.jpg,fox
59cf4813-23d2-11e8-a6a3-ec086b02610b.jpg,coyote
5938c20d-23d2-11e8-a6a3-ec086b02610b.jpg,empty
598de9a3-23d2-11e8-a6a3-ec086b02610b.jpg,cat
59673773-23d2-11e8-a6a3-ec086b02610b.jpg,rabbit
58d61594-23d2-11e8-a6a3-ec086b02610b.jpg,empty
5a1cafe1-23d2-11e8-a6a3-ec086b02610b.jpg,fox
5a217575-23d2-11e8-a6a3-ec086b02610b.jpg,raccoon
5987b42f-23d2-11e8-a6a3-ec086b02610b.jpg,rabbit
5a263936-23d2-11e8-a6a3-ec086b02610b.jpg,cat
5a17df0c-23d2-11e8-a6a3-ec086b02610b.jpg,squirrel
59641dc4-23d2-11e8-a6a3-ec086b02610b.jpg,deer
58f73ed2-23d2-11e8-a6a3-ec086b02610b.jpg,squirrel
59c80592-23d2-11e8-a6a3-ec086b02610b.jpg,opossum
5a17df12-23d2-11e8-a6a3-ec086b02610b.jpg,rabbit
59f5fd3a-23d2-11e8-a6a3-ec086b02610b.jpg,raccoon
59ffbb1c-23d2-11e8-a6a3-ec086b02610b.jpg,deer
59adfc03-23d2-11e8-a6a3-ec086b02610b.jpg,rabbit
5a14a63a-23d2-11e8-a6a3-ec086b02610b.jpg,deer
59b7a5f1-23d2-11e8-a6a3-ec086b02610b.jpg,rabbit
59c8041f-23d2-11e8-a6a3-ec086b02610b.jpg,coyote
59a17a3b-23d2-11e8-a6a3-ec086b02610b.jpg,opossum
58adc3c8-23d2-11e8-a6a3-ec086b02610b.jpg,cat
593d693f-23d2-11e8-a6a3-ec086b02610b.jpg,rabbit
59e2a21e-23d2-11e8-a6a3-ec086b02610b.jpg,raccoon
592c4df2-23d2-11e8-a6a3-ec086b02610b.jpg,bobcat
59b7a764-23d2-11e8-a6a3-ec086b02610b.jpg,cat
58ff0f1c-23d2-11e8-a6a3-ec086b02610b.jpg,dog
599d7b2d-23d2-11e8-a6a3-ec086b02610b.jpg,rodent
58ddd844-23d2-11e8-a6a3-ec086b02610b.jpg,coyote
58aa579a-23d2-11e8-a6a3-ec086b02610b.jpg,coyote
5987b4bd-23d2-11e8-a6a3-ec086b02610b.jpg,deer
59e2a414-23d2-11e8-a6a3-ec086b02610b.jpg,empty
597e6458-23d2-11e8-a6a3-ec086b02610b.jpg,rabbit
59641e1e-23d2-11e8-a6a3-ec086b02610b.jpg,coyote
58d61243-23d2-11e8-a6a3-ec086b02610b.jpg,cat
58aa588d-23d2-11e8-a6a3-ec086b02610b.jpg,cat
597cd568-23d2-11e8-a6a3-ec086b02610b.jpg,rabbit
58eac7a3-23d2-11e8-a6a3-ec086b02610b.jpg,bobcat
5a0e3774-23d2-11e8-a6a3-ec086b02610b.jpg,cat
59a94e90-23d2-11e8-a6a3-ec086b02610b.jpg,deer
5a1e510c-23d2-11e8-a6a3-ec086b02610b.jpg,squirrel
58ddd565-23d2-11e8-a6a3-ec086b02610b.jpg,coyote
59817a11-23d2-11e8-a6a3-ec086b02610b.jpg,squirrel
5a24a70a-23d2-11e8-a6a3-ec086b02610b.jpg,opossum
59d27b18-23d2-11e8-a6a3-ec086b02610b.jpg,cat
59dc249e-23d2-11e8-a6a3-ec086b02610b.jpg,opossum
5a17dd21-23d2-11e8-a6a3-ec086b02610b.jpg,coyote
5a04965a-23d2-11e8-a6a3-ec086b02610b.jpg,coyote
5a1caefe-23d2-11e8-a6a3-ec086b02610b.jpg,deer
59894449-23d2-11e8-a6a3-ec086b02610b.jpg,cat
594ce9e0-23d2-11e8-a6a3-ec086b02610b.jpg,rodent
59edf0a8-23d2-11e8-a6a3-ec086b02610b.jpg,rabbit
59fae42d-23d2-11e8-a6a3-ec086b02610b.jpg,cat
58f5afc2-23d2-11e8-a6a3-ec086b02610b.jpg,empty
58c97c82-23d2-11e8-a6a3-ec086b02610b.jpg,coyote
58c34c98-23d2-11e8-a6a3-ec086b02610b.jpg,raccoon
587183e0-23d2-11e8-a6a3-ec086b02610b.jpg,rabbit
59a62979-23d2-11e8-a6a3-ec086b02610b.jpg,raccoon
59e91b7b-23d2-11e8-a6a3-ec086b02610b.jpg,deer
58b664c3-23d2-11e8-a6a3-ec086b02610b.jpg,skunk
59d75290-23d2-11e8-a6a3-ec086b02610b.jpg,raccoon
58b13075-23d2-11e8-a6a3-ec086b02610b.jpg,empty
59439df7-23d2-11e8-a6a3-ec086b02610b.jpg,bobcat
59e77ef6-23d2-11e8-a6a3-ec086b02610b.jpg,deer
598625c9-23d2-11e8-a6a3-ec086b02610b.jpg,coyote
59b13183-23d2-11e8-a6a3-ec086b02610b.jpg,rabbit
5a096953-23d2-11e8-a6a3-ec086b02610b.jpg,cat
59ef8ead-23d2-11e8-a6a3-ec086b02610b.jpg,rodent
5986253d-23d2-11e8-a6a3-ec086b02610b.jpg,rabbit
58ce3cd8-23d2-11e8-a6a3-ec086b02610b.jpg,opossum
5a27d7fb-23d2-11e8-a6a3-ec086b02610b.jpg,bobcat
59ddc32f-23d2-11e8-a6a3-ec086b02610b.jpg,squirrel
59adfd2a-23d2-11e8-a6a3-ec086b02610b.jpg,opossum
59973f02-23d2-11e8-a6a3-ec086b02610b.jpg,opossum
598dea27-23d2-11e8-a6a3-ec086b02610b.jpg,cat
59a17adf-23d2-11e8-a6a3-ec086b02610b.jpg,rodent
59b7a83d-23d2-11e8-a6a3-ec086b02610b.jpg,rabbit
59b7a952-23d2-11e8-a6a3-ec086b02610b.jpg,squirrel
595defc5-23d2-11e8-a6a3-ec086b02610b.jpg,rodent
5a26382b-23d2-11e8-a6a3-ec086b02610b.jpg,squirrel
58a0215e-23d2-11e8-a6a3-ec086b02610b.jpg,empty
5a1e51ac-23d2-11e8-a6a3-ec086b02610b.jpg,rabbit
59c177ba-23d2-11e8-a6a3-ec086b02610b.jpg,deer
59341bfc-23d2-11e8-a6a3-ec086b02610b.jpg,bobcat
585a65ea-23d2-11e8-a6a3-ec086b02610b.jpg,squirrel
596a4f4b-23d2-11e8-a6a3-ec086b02610b.jpg,empty
58e2818a-23d2-11e8-a6a3-ec086b02610b.jpg,cat
58e93b21-23d2-11e8-a6a3-ec086b02610b.jpg,rabbit
5a197ac0-23d2-11e8-a6a3-ec086b02610b.jpg,bobcat
59a30dbc-23d2-11e8-a6a3-ec086b02610b.jpg,rabbit
58c97ae7-23d2-11e8-a6a3-ec086b02610b.jpg,raccoon
59e2a31a-23d2-11e8-a6a3-ec086b02610b.jpg,deer
59104a15-23d2-11e8-a6a3-ec086b02610b.jpg,squirrel
5956379b-23d2-11e8-a6a3-ec086b02610b.jpg,rodent
599be909-23d2-11e8-a6a3-ec086b02610b.jpg,deer
5971fad5-23d2-11e8-a6a3-ec086b02610b.jpg,fox
59b93a37-23d2-11e8-a6a3-ec086b02610b.jpg,deer
596ef09c-23d2-11e8-a6a3-ec086b02610b.jpg,opossum
58cb1187-23d2-11e8-a6a3-ec086b02610b.jpg,rabbit
585daa9d-23d2-11e8-a6a3-ec086b02610b.jpg,bobcat
59973e59-23d2-11e8-a6a3-ec086b02610b.jpg,rabbit
5914f106-23d2-11e8-a6a3-ec086b02610b.jpg,rabbit
598f755f-23d2-11e8-a6a3-ec086b02610b.jpg,deer
58b6666a-23d2-11e8-a6a3-ec086b02610b.jpg,cat
58693725-23d2-11e8-a6a3-ec086b02610b.jpg,empty
5a130b58-23d2-11e8-a6a3-ec086b02610b.jpg,raccoon
598acd87-23d2-11e8-a6a3-ec086b02610b.jpg,rabbit
5a24a734-23d2-11e8-a6a3-ec086b02610b.jpg,bobcat
5a27db10-23d2-11e8-a6a3-ec086b02610b.jpg,deer
599fbfd3-23d2-11e8-a6a3-ec086b02610b.jpg,deer
593ef616-23d2-11e8-a6a3-ec086b02610b.jpg,dog
5979bb27-23d2-11e8-a6a3-ec086b02610b.jpg,bobcat
592f7173-23d2-11e8-a6a3-ec086b02610b.jpg,cat
598f767a-23d2-11e8-a6a3-ec086b02610b.jpg,deer
58857ae8-23d2-11e8-a6a3-ec086b02610b.jpg,squirrel
597cd646-23d2-11e8-a6a3-ec086b02610b.jpg,deer
597feff2-23d2-11e8-a6a3-ec086b02610b.jpg,squirrel
595f7922-23d2-11e8-a6a3-ec086b02610b.jpg,coyote
58cb1154-23d2-11e8-a6a3-ec086b02610b.jpg,empty
598494e3-23d2-11e8-a6a3-ec086b02610b.jpg,opossum
5879d24c-23d2-11e8-a6a3-ec086b02610b.jpg,empty
59b12fd8-23d2-11e8-a6a3-ec086b02610b.jpg,bobcat
5874d729-23d2-11e8-a6a3-ec086b02610b.jpg,squirrel
59ef8f1f-23d2-11e8-a6a3-ec086b02610b.jpg,deer
592de593-23d2-11e8-a6a3-ec086b02610b.jpg,squirrel
58c34e67-23d2-11e8-a6a3-ec086b02610b.jpg,squirrel
59eab824-23d2-11e8-a6a3-ec086b02610b.jpg,squirrel
5a1cb133-23d2-11e8-a6a3-ec086b02610b.jpg,skunk
586fdd40-23d2-11e8-a6a3-ec086b02610b.jpg,raccoon
5a2311d4-23d2-11e8-a6a3-ec086b02610b.jpg,opossum
59b13203-23d2-11e8-a6a3-ec086b02610b.jpg,empty
5a2e139b-23d2-11e8-a6a3-ec086b02610b.jpg,bobcat
58910e40-23d2-11e8-a6a3-ec086b02610b.jpg,coyote
5987b1ff-23d2-11e8-a6a3-ec086b02610b.jpg,bobcat
59862452-23d2-11e8-a6a3-ec086b02610b.jpg,bobcat
5a24aa28-23d2-11e8-a6a3-ec086b02610b.jpg,raccoon
59fae53d-23d2-11e8-a6a3-ec086b02610b.jpg,bobcat
59b93887-23d2-11e8-a6a3-ec086b02610b.jpg,deer
593732bf-23d2-11e8-a6a3-ec086b02610b.jpg,empty
5888bf3f-23d2-11e8-a6a3-ec086b02610b.jpg,empty
58b13303-23d2-11e8-a6a3-ec086b02610b.jpg,raccoon
58e59a04-23d2-11e8-a6a3-ec086b02610b.jpg,cat
59439d3f-23d2-11e8-a6a3-ec086b02610b.jpg,empty
5a1cb1ec-23d2-11e8-a6a3-ec086b02610b.jpg,opossum
599be776-23d2-11e8-a6a3-ec086b02610b.jpg,empty
587d414f-23d2-11e8-a6a3-ec086b02610b.jpg,raccoon
59ccd13c-23d2-11e8-a6a3-ec086b02610b.jpg,deer
5a2177d8-23d2-11e8-a6a3-ec086b02610b.jpg,raccoon
5a1fe79c-23d2-11e8-a6a3-ec086b02610b.jpg,empty
5a2af608-23d2-11e8-a6a3-ec086b02610b.jpg,raccoon
5a263938-23d2-11e8-a6a3-ec086b02610b.jpg,deer
59e43ef2-23d2-11e8-a6a3-ec086b02610b.jpg,empty
59b7a6e9-23d2-11e8-a6a3-ec086b02610b.jpg,coyote
59973cc5-23d2-11e8-a6a3-ec086b02610b.jpg,raccoon
597feed8-23d2-11e8-a6a3-ec086b02610b.jpg,rabbit
5892b4bd-23d2-11e8-a6a3-ec086b02610b.jpg,bobcat
59b4868d-23d2-11e8-a6a3-ec086b02610b.jpg,raccoon
599fbe58-23d2-11e8-a6a3-ec086b02610b.jpg,opossum
59edf15f-23d2-11e8-a6a3-ec086b02610b.jpg,cat
58c1c1d3-23d2-11e8-a6a3-ec086b02610b.jpg,raccoon
5911d97f-23d2-11e8-a6a3-ec086b02610b.jpg,dog
5860ede1-23d2-11e8-a6a3-ec086b02610b.jpg,skunk
5968c2f7-23d2-11e8-a6a3-ec086b02610b.jpg,rabbit
5938c2e5-23d2-11e8-a6a3-ec086b02610b.jpg,squirrel
59531adf-23d2-11e8-a6a3-ec086b02610b.jpg,squirrel
5a19793b-23d2-11e8-a6a3-ec086b02610b.jpg,cat
59941eb6-23d2-11e8-a6a3-ec086b02610b.jpg,rodent
59cf4811-23d2-11e8-a6a3-ec086b02610b.jpg,raccoon
59b48653-23d2-11e8-a6a3-ec086b02610b.jpg,rabbit
5a2e1413-23d2-11e8-a6a3-ec086b02610b.jpg,raccoon
5a116c24-23d2-11e8-a6a3-ec086b02610b.jpg,rabbit
59eab869-23d2-11e8-a6a3-ec086b02610b.jpg,skunk
58857b8f-23d2-11e8-a6a3-ec086b02610b.jpg,squirrel
59f79bc7-23d2-11e8-a6a3-ec086b02610b.jpg,skunk
58a52e07-23d2-11e8-a6a3-ec086b02610b.jpg,coyote
59d5b71d-23d2-11e8-a6a3-ec086b02610b.jpg,bobcat
59a30c00-23d2-11e8-a6a3-ec086b02610b.jpg,empty
589462d8-23d2-11e8-a6a3-ec086b02610b.jpg,empty
5911d951-23d2-11e8-a6a3-ec086b02610b.jpg,empty
590a1161-23d2-11e8-a6a3-ec086b02610b.jpg,empty
59ddc2ca-23d2-11e8-a6a3-ec086b02610b.jpg,squirrel
58f295ba-23d2-11e8-a6a3-ec086b02610b.jpg,raccoon
588c1222-23d2-11e8-a6a3-ec086b02610b.jpg,dog
59ffbc58-23d2-11e8-a6a3-ec086b02610b.jpg,deer
58ce3db1-23d2-11e8-a6a3-ec086b02610b.jpg,cat
59a30be8-23d2-11e8-a6a3-ec086b02610b.jpg,opossum
59be424a-23d2-11e8-a6a3-ec086b02610b.jpg,dog
58ac0d1c-23d2-11e8-a6a3-ec086b02610b.jpg,raccoon
59e2a214-23d2-11e8-a6a3-ec086b02610b.jpg,cat
59f9443a-23d2-11e8-a6a3-ec086b02610b.jpg,rabbit
58c34f29-23d2-11e8-a6a3-ec086b02610b.jpg,coyote
59fc7f58-23d2-11e8-a6a3-ec086b02610b.jpg,opossum
59a62b6b-23d2-11e8-a6a3-ec086b02610b.jpg,deer
599d7aff-23d2-11e8-a6a3-ec086b02610b.jpg,dog
5858bffa-23d2-11e8-a6a3-ec086b02610b.jpg,rabbit
590d2df7-23d2-11e8-a6a3-ec086b02610b.jpg,raccoon
59edf14b-23d2-11e8-a6a3-ec086b02610b.jpg,cat
58b1320f-23d2-11e8-a6a3-ec086b02610b.jpg,squirrel
5a2963e0-23d2-11e8-a6a3-ec086b02610b.jpg,deer
5864377b-23d2-11e8-a6a3-ec086b02610b.jpg,raccoon
593d6a6a-23d2-11e8-a6a3-ec086b02610b.jpg,empty
586ade7d-23d2-11e8-a6a3-ec086b02610b.jpg,rabbit
58a1cbd8-23d2-11e8-a6a3-ec086b02610b.jpg,dog
58cb11e9-23d2-11e8-a6a3-ec086b02610b.jpg,squirrel
599a5c08-23d2-11e8-a6a3-ec086b02610b.jpg,cat
597b4a2c-23d2-11e8-a6a3-ec086b02610b.jpg,bobcat
59941e29-23d2-11e8-a6a3-ec086b02610b.jpg,cat
59aad9a9-23d2-11e8-a6a3-ec086b02610b.jpg,empty
599be791-23d2-11e8-a6a3-ec086b02610b.jpg,dog
59e5e076-23d2-11e8-a6a3-ec086b02610b.jpg,rodent
59cf47ea-23d2-11e8-a6a3-ec086b02610b.jpg,rodent
5887182e-23d2-11e8-a6a3-ec086b02610b.jpg,raccoon
5938c3b5-23d2-11e8-a6a3-ec086b02610b.jpg,empty
58fbec2d-23d2-11e8-a6a3-ec086b02610b.jpg,raccoon
5858c03c-23d2-11e8-a6a3-ec086b02610b.jpg,rabbit
58910fa3-23d2-11e8-a6a3-ec086b02610b.jpg,raccoon
59cf44fe-23d2-11e8-a6a3-ec086b02610b.jpg,bobcat
59b1320f-23d2-11e8-a6a3-ec086b02610b.jpg,deer
5a07cdbb-23d2-11e8-a6a3-ec086b02610b.jpg,squirrel
59c80642-23d2-11e8-a6a3-ec086b02610b.jpg,skunk
58f10730-23d2-11e8-a6a3-ec086b02610b.jpg,dog
593ef61f-23d2-11e8-a6a3-ec086b02610b.jpg,opossum
589e679a-23d2-11e8-a6a3-ec086b02610b.jpg,squirrel
58a37c3d-23d2-11e8-a6a3-ec086b02610b.jpg,squirrel
59b485f9-23d2-11e8-a6a3-ec086b02610b.jpg,cat
58f42313-23d2-11e8-a6a3-ec086b02610b.jpg,raccoon
5968bf80-23d2-11e8-a6a3-ec086b02610b.jpg,empty
59b2e95d-23d2-11e8-a6a3-ec086b02610b.jpg,rodent
59adfe5d-23d2-11e8-a6a3-ec086b02610b.jpg,bobcat
59055e8a-23d2-11e8-a6a3-ec086b02610b.jpg,opossum
58910fe1-23d2-11e8-a6a3-ec086b02610b.jpg,cat
598f7558-23d2-11e8-a6a3-ec086b02610b.jpg,bobcat
59910650-23d2-11e8-a6a3-ec086b02610b.jpg,coyote
5a197909-23d2-11e8-a6a3-ec086b02610b.jpg,coyote
